{"AED_COP":898.468627,"AFN_COP":41.176644,"ALL_COP":30.227972,"AMD_COP":6.936032,"ANG_COP":1854.257183,"AOA_COP":9.440933,"ARS_COP":75.22274,"AUD_COP":2267.974642,"AWG_COP":1833.5,"AZN_COP":1887.050433,"BAM_COP":1880.943717,"BBD_COP":1634.702065,"BDT_COP":39.073461,"BGN_COP":1881.265326,"BHD_COP":8755.273735,"BIF_COP":1.787811,"BMD_COP":3300.3,"BND_COP":2443.490317,"BOB_COP":477.484324,"BRL_COP":840.803772,"BSD_COP":3300.960192,"BTC_COP":31924557.6687,"BTN_COP":47.890055,"BWP_COP":308.497076,"BYR_COP":0.168383,"BZD_COP":1637.500745,"CAD_COP":2505.580065,"CDF_COP":1.980972,"CHF_COP":3331.289054,"CLF_COP":129876.682746,"CLP_COP":4.710142,"CNH_COP":0,"CNY_COP":479.381025,"COP_COP":1,"CRC_COP":5.77026,"CUP_COP":124.539623,"CVE_COP":33.32105,"CZK_COP":143.36974,"DEM_COP":0,"DJF_COP":18.104336,"DKK_COP":492.724041,"DOP_COP":64.440095,"DZD_COP":27.573694,"EGP_COP":199.293596,"ERN_COP":220.017627,"ETB_COP":113.607301,"EUR_COP":3679.755281,"FIM_COP":0,"FJD_COP":1530.857716,"FKP_COP":4037.039128,"FRF_COP":0,"GBP_COP":4010.109417,"GEL_COP":1124.453297,"GHS_COP":612.871447,"GIP_COP":4015.932113,"GMD_COP":66.025813,"GNF_COP":0.357562,"GTQ_COP":428.92512,"GYD_COP":15.829917,"HKD_COP":412.666918,"HNL_COP":133.889211,"HRK_COP":498.61458,"HTG_COP":34.945637,"HUF_COP":11.235371,"IDR_COP":0.23523,"ILS_COP":944.45388,"INR_COP":47.941186,"IQD_COP":2.773361,"IRR_COP":0.078383,"ISK_COP":25.481102,"ITL_COP":0,"JMD_COP":24.259786,"JOD_COP":4654.779386,"JPY_COP":30.373422,"KES_COP":31.704145,"KGS_COP":47.315859,"KHR_COP":0.807907,"KMF_COP":7.472825,"KPW_COP":3.666726,"KRW_COP":2.738345,"KWD_COP":10838.350339,"KYD_COP":3960.732309,"KZT_COP":8.57577,"LAK_COP":0.379672,"LBP_COP":2.18998,"LKR_COP":18.724016,"LRD_COP":16.317922,"LSL_COP":232.910276,"LTL_COP":1117.707527,"LVL_COP":5319.153283,"LYD_COP":2348.956429,"MAD_COP":343.863609,"MDL_COP":185.796642,"MGA_COP":0.910428,"MKD_COP":59.837361,"MMK_COP":2.18802,"MNT_COP":1.238178,"MOP_COP":409.616421,"MRO_COP":9.244529,"MUR_COP":89.875549,"MVR_COP":213.612631,"MWK_COP":4.385023,"MXN_COP":173.004375,"MYR_COP":800.209111,"MZN_COP":53.60234,"NAD_COP":232.903657,"NGN_COP":9.167492,"NIO_COP":98.457707,"NOK_COP":376.962599,"NPR_COP":29.408283,"NZD_COP":2181.43241,"OMR_COP":8573.036068,"PAB_COP":3300.762107,"PEN_COP":1002.307718,"PGK_COP":971.376357,"PHP_COP":64.914786,"PKG_COP":0,"PKR_COP":20.546614,"PLN_COP":855.975593,"PYG_COP":0.521682,"QAR_COP":906.24012,"RON_COP":777.67517,"RSD_COP":31.270435,"RUB_COP":51.849957,"RWF_COP":3.626703,"SAR_COP":880.021418,"SBD_COP":401.079168,"SCR_COP":241.621142,"SDG_COP":73.163595,"SEK_COP":341.261274,"SGD_COP":2406.826013,"SHP_COP":2498.528893,"SKK_COP":0,"SLL_COP":0.356789,"SOS_COP":5.685101,"SRD_COP":442.519577,"STD_COP":0.15307,"SVC_COP":377.22888,"SYP_COP":6.408352,"SZL_COP":229.000431,"THB_COP":107.166619,"TJS_COP":350.021483,"TMT_COP":942.942857,"TND_COP":1147.471369,"TOP_COP":1443.004639,"TRY_COP":593.461231,"TTD_COP":487.16149,"TWD_COP":106.105264,"TZS_COP":1.435396,"UAH_COP":125.335962,"UGX_COP":0.890841,"USD_COP":3300.3,"UYU_COP":96.580489,"UZS_COP":0.380614,"VEF_COP":330.443076,"VND_COP":0.142202,"VUV_COP":28.434614,"WST_COP":1253.783834,"XAF_COP":5.608175,"XCD_COP":1190.542264,"XDR_COP":4537.430596,"XOF_COP":5.593731,"XPF_COP":30.71485,"YER_COP":13.182722,"ZAR_COP":232.238885,"ZMK_COP":0.366651,"ZMW_COP":256.27496,"ZWL_COP":9.992236}