{"AED_COP":898.316643,"AFN_COP":41.169185,"ALL_COP":30.265549,"AMD_COP":6.934762,"ANG_COP":1853.919791,"AOA_COP":9.439217,"ARS_COP":75.080375,"AUD_COP":2267.912982,"AWG_COP":1833.166667,"AZN_COP":1887.050433,"BAM_COP":1880.595693,"BBD_COP":1634.404874,"BDT_COP":39.066353,"BGN_COP":1881.669316,"BHD_COP":8752.989617,"BIF_COP":1.787486,"BMD_COP":3299.7,"BND_COP":2443.324146,"BOB_COP":477.397527,"BRL_COP":840.803772,"BSD_COP":3300.360072,"BTC_COP":31831321.5804,"BTN_COP":47.881349,"BWP_COP":308.439933,"BYR_COP":0.168352,"BZD_COP":1637.202584,"CAD_COP":2508.733849,"CDF_COP":1.980613,"CHF_COP":3331.344128,"CLF_COP":129876.682746,"CLP_COP":4.717193,"CNH_COP":0,"CNY_COP":479.294053,"COP_COP":1,"CRC_COP":5.769207,"CUP_COP":124.516981,"CVE_COP":33.315663,"CZK_COP":143.41553,"DEM_COP":0,"DJF_COP":18.104336,"DKK_COP":492.873581,"DOP_COP":64.41581,"DZD_COP":27.570985,"EGP_COP":199.263254,"ERN_COP":219.974276,"ETB_COP":113.587749,"EUR_COP":3680.483027,"FIM_COP":0,"FJD_COP":1527.283245,"FKP_COP":4037.039128,"FRF_COP":0,"GBP_COP":4011.938473,"GEL_COP":1118.577042,"GHS_COP":612.759206,"GIP_COP":4015.198602,"GMD_COP":66.013832,"GNF_COP":0.357497,"GTQ_COP":428.847152,"GYD_COP":15.827042,"HKD_COP":412.666918,"HNL_COP":133.600445,"HRK_COP":498.783244,"HTG_COP":34.939282,"HUF_COP":11.239526,"IDR_COP":0.235343,"ILS_COP":944.282409,"INR_COP":47.911593,"IQD_COP":2.772857,"IRR_COP":0.078368,"ISK_COP":25.481102,"ITL_COP":0,"JMD_COP":24.255322,"JOD_COP":4654.090679,"JPY_COP":30.375727,"KES_COP":31.638136,"KGS_COP":47.307256,"KHR_COP":0.80776,"KMF_COP":7.471473,"KPW_COP":3.66605,"KRW_COP":2.738345,"KWD_COP":10837.512335,"KYD_COP":3960.012241,"KZT_COP":8.574212,"LAK_COP":0.379603,"LBP_COP":2.184219,"LKR_COP":18.721646,"LRD_COP":16.314949,"LSL_COP":232.856969,"LTL_COP":1117.504405,"LVL_COP":5319.153283,"LYD_COP":2348.524931,"MAD_COP":343.912271,"MDL_COP":185.76238,"MGA_COP":0.904028,"MKD_COP":59.843847,"MMK_COP":2.187623,"MNT_COP":1.238308,"MOP_COP":409.541948,"MRO_COP":9.242848,"MUR_COP":89.875549,"MVR_COP":213.571758,"MWK_COP":4.384954,"MXN_COP":172.993764,"MYR_COP":799.925435,"MZN_COP":53.592654,"NAD_COP":232.873938,"NGN_COP":9.165842,"NIO_COP":98.350802,"NOK_COP":377.33001,"NPR_COP":29.408283,"NZD_COP":2182.132005,"OMR_COP":8571.428571,"PAB_COP":3300.195029,"PEN_COP":1002.400728,"PGK_COP":977.675768,"PHP_COP":64.942412,"PKG_COP":0,"PKR_COP":20.542879,"PLN_COP":856.625019,"PYG_COP":0.521682,"QAR_COP":906.075452,"RON_COP":777.790773,"RSD_COP":31.279818,"RUB_COP":51.945538,"RWF_COP":3.626044,"SAR_COP":879.697097,"SBD_COP":400.480608,"SCR_COP":241.568156,"SDG_COP":73.150294,"SEK_COP":341.261274,"SGD_COP":2407.307161,"SHP_COP":2498.071456,"SKK_COP":0,"SLL_COP":0.356724,"SOS_COP":5.68412,"SRD_COP":442.438479,"STD_COP":0.153042,"SVC_COP":377.160521,"SYP_COP":6.407187,"SZL_COP":229.000431,"THB_COP":107.153818,"TJS_COP":349.957845,"TMT_COP":942.771429,"TND_COP":1146.166069,"TOP_COP":1442.746794,"TRY_COP":593.439409,"TTD_COP":487.072936,"TWD_COP":106.135511,"TZS_COP":1.435276,"UAH_COP":125.335962,"UGX_COP":0.890679,"USD_COP":3299.7,"UYU_COP":96.793374,"UZS_COP":0.380984,"VEF_COP":330.382955,"VND_COP":0.142198,"VUV_COP":28.430246,"WST_COP":1253.594333,"XAF_COP":5.607161,"XCD_COP":1190.542264,"XDR_COP":4539.10171,"XOF_COP":5.57382,"XPF_COP":30.709287,"YER_COP":13.180338,"ZAR_COP":232.196685,"ZMK_COP":0.366584,"ZMW_COP":256.227665,"ZWL_COP":9.992236}