{"AED_COP":896.227847,"AFN_COP":41.121725,"ALL_COP":30.130848,"AMD_COP":6.918303,"ANG_COP":1849.1698,"AOA_COP":9.416618,"ARS_COP":75.119184,"AUD_COP":2253.116256,"AWG_COP":1828.777778,"AZN_COP":1887.050433,"BAM_COP":1875.88339,"BBD_COP":1630.16887,"BDT_COP":38.976511,"BGN_COP":1863.139494,"BHD_COP":8731.960653,"BIF_COP":1.783207,"BMD_COP":3291.8,"BND_COP":2437.558096,"BOB_COP":476.254553,"BRL_COP":840.803772,"BSD_COP":3292.952533,"BTC_COP":33068682.145,"BTN_COP":47.766713,"BWP_COP":307.702111,"BYR_COP":0.167949,"BZD_COP":1632.959062,"CAD_COP":2495.602514,"CDF_COP":1.97587,"CHF_COP":3312.338796,"CLF_COP":129876.682746,"CLP_COP":4.678544,"CNH_COP":0,"CNY_COP":478.160577,"COP_COP":1,"CRC_COP":5.753738,"CUP_COP":124.218868,"CVE_COP":33.250002,"CZK_COP":141.84942,"DEM_COP":0,"DJF_COP":18.104336,"DKK_COP":488.172819,"DOP_COP":64.286709,"DZD_COP":27.493651,"EGP_COP":198.942429,"ERN_COP":219.450869,"ETB_COP":113.39206,"EUR_COP":3645.262919,"FIM_COP":0,"FJD_COP":1514.843032,"FKP_COP":4037.039128,"FRF_COP":0,"GBP_COP":4000.739923,"GEL_COP":1108.240183,"GHS_COP":610.751535,"GIP_COP":4004.534819,"GMD_COP":65.895315,"GNF_COP":0.356835,"GTQ_COP":427.737041,"GYD_COP":15.784993,"HKD_COP":412.666918,"HNL_COP":133.822946,"HRK_COP":493.534366,"HTG_COP":34.818941,"HUF_COP":11.174383,"IDR_COP":0.232144,"ILS_COP":941.496224,"INR_COP":47.701232,"IQD_COP":2.766218,"IRR_COP":0.078181,"ISK_COP":25.481102,"ITL_COP":0,"JMD_COP":24.200827,"JOD_COP":4642.941675,"JPY_COP":30.269151,"KES_COP":31.603254,"KGS_COP":47.19183,"KHR_COP":0.806221,"KMF_COP":7.442601,"KPW_COP":3.657248,"KRW_COP":2.738345,"KWD_COP":10814.153134,"KYD_COP":3949.703214,"KZT_COP":8.56192,"LAK_COP":0.378585,"LBP_COP":2.178197,"LKR_COP":18.67052,"LRD_COP":16.233759,"LSL_COP":231.659324,"LTL_COP":1114.828987,"LVL_COP":5319.153283,"LYD_COP":2356.552995,"MAD_COP":341.161773,"MDL_COP":184.91127,"MGA_COP":0.900876,"MKD_COP":59.656739,"MMK_COP":2.182312,"MNT_COP":1.234753,"MOP_COP":408.32566,"MRO_COP":9.220719,"MUR_COP":89.875549,"MVR_COP":213.784413,"MWK_COP":4.439141,"MXN_COP":171.914638,"MYR_COP":798.863688,"MZN_COP":53.551095,"NAD_COP":231.657341,"NGN_COP":9.143892,"NIO_COP":98.117802,"NOK_COP":371.501365,"NPR_COP":29.408283,"NZD_COP":2159.61999,"OMR_COP":8549.796761,"PAB_COP":3292.952533,"PEN_COP":996.460118,"PGK_COP":975.356685,"PHP_COP":64.494696,"PKG_COP":0,"PKR_COP":20.500724,"PLN_COP":849.720566,"PYG_COP":0.521682,"QAR_COP":904.154311,"RON_COP":770.548576,"RSD_COP":30.957025,"RUB_COP":51.873351,"RWF_COP":3.587793,"SAR_COP":877.567666,"SBD_COP":403.157345,"SCR_COP":240.540767,"SDG_COP":72.959756,"SEK_COP":341.261274,"SGD_COP":2395.431047,"SHP_COP":2492.086223,"SKK_COP":0,"SLL_COP":0.357804,"SOS_COP":5.675522,"SRD_COP":441.378224,"STD_COP":0.152675,"SVC_COP":376.141117,"SYP_COP":6.391847,"SZL_COP":229.000431,"THB_COP":106.518671,"TJS_COP":348.853596,"TMT_COP":937.834758,"TND_COP":1141.598554,"TOP_COP":1435.838399,"TRY_COP":589.896993,"TTD_COP":485.870959,"TWD_COP":105.706375,"TZS_COP":1.431965,"UAH_COP":125.335962,"UGX_COP":0.889581,"USD_COP":3291.8,"UYU_COP":96.253604,"UZS_COP":0.380335,"VEF_COP":329.591901,"VND_COP":0.141836,"VUV_COP":28.284476,"WST_COP":1240.852722,"XAF_COP":5.594114,"XCD_COP":1190.542264,"XDR_COP":4516.740861,"XOF_COP":5.541747,"XPF_COP":30.607088,"YER_COP":13.148758,"ZAR_COP":229.504045,"ZMK_COP":0.365707,"ZMW_COP":255.65374,"ZWL_COP":9.992236}