{"AED_COP":891.181535,"AFN_COP":41.108955,"ALL_COP":29.975673,"AMD_COP":6.874944,"ANG_COP":1832.805816,"AOA_COP":9.415314,"ARS_COP":74.789561,"AUD_COP":2258.692281,"AWG_COP":1821.029207,"AZN_COP":1887.050433,"BAM_COP":1860.833947,"BBD_COP":1620.325223,"BDT_COP":38.735007,"BGN_COP":1864.4905,"BHD_COP":8685.834074,"BIF_COP":1.774146,"BMD_COP":3273.3,"BND_COP":2423.49976,"BOB_COP":473.379382,"BRL_COP":840.803772,"BSD_COP":3272.48188,"BTC_COP":31117119.0885,"BTN_COP":47.498263,"BWP_COP":305.894611,"BYR_COP":0.167005,"BZD_COP":1623.056631,"CAD_COP":2486.64777,"CDF_COP":1.965946,"CHF_COP":3300.04688,"CLF_COP":129876.682746,"CLP_COP":4.691592,"CNH_COP":0,"CNY_COP":474.845493,"COP_COP":1,"CRC_COP":5.704849,"CUP_COP":123.520755,"CVE_COP":33.018779,"CZK_COP":142.181303,"DEM_COP":0,"DJF_COP":18.104336,"DKK_COP":488.486765,"DOP_COP":64.169828,"DZD_COP":27.366226,"EGP_COP":197.371071,"ERN_COP":218.21962,"ETB_COP":112.677571,"EUR_COP":3647.141041,"FIM_COP":0,"FJD_COP":1518.93977,"FKP_COP":4037.039128,"FRF_COP":0,"GBP_COP":4000.113777,"GEL_COP":1115.265541,"GHS_COP":606.055751,"GIP_COP":4032.645084,"GMD_COP":65.459474,"GNF_COP":0.354829,"GTQ_COP":425.991847,"GYD_COP":15.685728,"HKD_COP":412.666918,"HNL_COP":132.788901,"HRK_COP":494.060864,"HTG_COP":34.631315,"HUF_COP":11.124629,"IDR_COP":0.233354,"ILS_COP":928.728308,"INR_COP":47.594299,"IQD_COP":2.750672,"IRR_COP":0.077741,"ISK_COP":25.481102,"ITL_COP":0,"JMD_COP":24.123354,"JOD_COP":4616.603115,"JPY_COP":30.074978,"KES_COP":31.440779,"KGS_COP":46.930512,"KHR_COP":0.801298,"KMF_COP":7.394363,"KPW_COP":3.636731,"KRW_COP":2.738345,"KWD_COP":10749.912267,"KYD_COP":3925.596791,"KZT_COP":8.496115,"LAK_COP":0.376588,"LBP_COP":2.167133,"LKR_COP":18.576144,"LRD_COP":16.174426,"LSL_COP":230.195321,"LTL_COP":1108.563644,"LVL_COP":5319.153283,"LYD_COP":2329.756427,"MAD_COP":340.918853,"MDL_COP":184.676593,"MGA_COP":0.902979,"MKD_COP":59.879272,"MMK_COP":2.17012,"MNT_COP":1.227795,"MOP_COP":406.227622,"MRO_COP":9.168899,"MUR_COP":89.875549,"MVR_COP":211.865231,"MWK_COP":4.349582,"MXN_COP":171.665446,"MYR_COP":794.317363,"MZN_COP":53.095142,"NAD_COP":230.187621,"NGN_COP":9.092504,"NIO_COP":97.652489,"NOK_COP":376.151441,"NPR_COP":29.408283,"NZD_COP":2168.760912,"OMR_COP":8501.746685,"PAB_COP":3271.827678,"PEN_COP":991.697971,"PGK_COP":969.857386,"PHP_COP":64.16349,"PKG_COP":0,"PKR_COP":20.315286,"PLN_COP":850.715235,"PYG_COP":0.521682,"QAR_COP":899.072949,"RON_COP":770.696706,"RSD_COP":30.982389,"RUB_COP":51.566062,"RWF_COP":3.587178,"SAR_COP":872.716605,"SBD_COP":397.797897,"SCR_COP":239.622095,"SDG_COP":72.520834,"SEK_COP":341.261274,"SGD_COP":2388.659553,"SHP_COP":2478.085084,"SKK_COP":0,"SLL_COP":0.35387,"SOS_COP":5.64362,"SRD_COP":438.897466,"STD_COP":0.151817,"SVC_COP":373.888461,"SYP_COP":6.355922,"SZL_COP":229.000431,"THB_COP":106.062491,"TJS_COP":346.744111,"TMT_COP":932.564103,"TND_COP":1135.142054,"TOP_COP":1432.359782,"TRY_COP":583.674135,"TTD_COP":482.976377,"TWD_COP":105.242342,"TZS_COP":1.423669,"UAH_COP":125.335962,"UGX_COP":0.88421,"USD_COP":3273.3,"UYU_COP":95.821853,"UZS_COP":0.379689,"VEF_COP":327.739832,"VND_COP":0.14103,"VUV_COP":28.19097,"WST_COP":1245.169572,"XAF_COP":5.548149,"XCD_COP":1190.542264,"XDR_COP":4502.16637,"XOF_COP":5.547964,"XPF_COP":30.406807,"YER_COP":13.072652,"ZAR_COP":230.890497,"ZMK_COP":0.363652,"ZMW_COP":253.62667,"ZWL_COP":9.992236}