{"AED_COP":864.27011400000004,"AFN_COP":39.629736000000001,"ALL_COP":29.123754999999999,"AMD_COP":6.6623939999999999,"ANG_COP":1778.32754,"AOA_COP":9.1601490000000005,"ARS_COP":74.983391999999995,"AUD_COP":2234.769859,"AWG_COP":1763.6111109999999,"AZN_COP":1887.0504330000001,"BAM_COP":1824.1063779999999,"BBD_COP":1572.235154,"BDT_COP":37.566285999999998,"BGN_COP":1820.5496129999999,"BHD_COP":8419.6427390000008,"BIF_COP":1.715946,"BMD_COP":3174.5,"BND_COP":2350.42956,"BOB_COP":459.36341800000002,"BRL_COP":840.80377199999998,"BSD_COP":3174.3412830000002,"BTC_COP":33499533.452,"BTN_COP":46.113773999999999,"BWP_COP":300.27314899999999,"BYR_COP":0.161964,"BZD_COP":1574.8477399999999,"CAD_COP":2428.1936519999999,"CDF_COP":1.9037440000000001,"CHF_COP":3233.477257,"CLF_COP":129876.68274600001,"CLP_COP":4.6120619999999999,"CNH_COP":0,"CNY_COP":461.282217,"COP_COP":1,"CRC_COP":5.5227529999999998,"CUP_COP":119.79245299999999,"CVE_COP":32.191004999999997,"CZK_COP":139.54027600000001,"DEM_COP":0,"DJF_COP":18.104336,"DKK_COP":477.05965099999997,"DOP_COP":62.214551,"DZD_COP":26.594888999999998,"EGP_COP":191.28056699999999,"ERN_COP":211.62828200000001,"ETB_COP":109.426305,"EUR_COP":3566.0726020000002,"FIM_COP":0,"FJD_COP":1483.584241,"FKP_COP":4037.0391279999999,"FRF_COP":0,"GBP_COP":3968.4474359999999,"GEL_COP":1104.158494,"GHS_COP":593.32119999999998,"GIP_COP":3964.1855909999999,"GMD_COP":63.610810000000001,"GNF_COP":0.34393299999999999,"GTQ_COP":414.14172100000002,"GYD_COP":15.215175,"HKD_COP":412.66691800000001,"HNL_COP":128.26061300000001,"HRK_COP":482.68858799999998,"HTG_COP":33.773611000000002,"HUF_COP":10.959386,"IDR_COP":0.22805300000000001,"ILS_COP":896.87706200000002,"INR_COP":46.063254000000001,"IQD_COP":2.6676470000000001,"IRR_COP":0.075395000000000004,"ISK_COP":25.481102,"ITL_COP":0,"JMD_COP":23.658449999999998,"JOD_COP":4477.1830849999997,"JPY_COP":29.471278999999999,"KES_COP":30.712927000000001,"KGS_COP":45.576774,"KHR_COP":0.77768199999999998,"KMF_COP":7.2332660000000004,"KPW_COP":3.5269210000000002,"KRW_COP":2.7383449999999998,"KWD_COP":10428.574643,"KYD_COP":3808.9810120000002,"KZT_COP":8.2874219999999994,"LAK_COP":0.36564200000000002,"LBP_COP":2.10378,"LKR_COP":18.057064,"LRD_COP":15.761869000000001,"LSL_COP":228.21084999999999,"LTL_COP":1075.1029759999999,"LVL_COP":5319.1532829999996,"LYD_COP":2250.8104840000001,"MAD_COP":330.93548900000002,"MDL_COP":180.98111700000001,"MGA_COP":0.87875300000000001,"MKD_COP":58.069232999999997,"MMK_COP":2.0924740000000002,"MNT_COP":1.1921200000000001,"MOP_COP":394.82338099999998,"MRO_COP":8.8921480000000006,"MUR_COP":89.875549000000007,"MVR_COP":205.464223,"MWK_COP":4.1720860000000002,"MXN_COP":166.877781,"MYR_COP":772.42127200000004,"MZN_COP":51.313310999999999,"NAD_COP":228.21092100000001,"NGN_COP":8.818047,"NIO_COP":94.562537000000006,"NOK_COP":370.30755399999998,"NPR_COP":29.408283000000001,"NZD_COP":2147.1805859999999,"OMR_COP":8245.2317910000002,"PAB_COP":3174.3412830000002,"PEN_COP":966.50820499999998,"PGK_COP":935.04093399999999,"PHP_COP":61.592489999999998,"PKG_COP":0,"PKR_COP":19.848022,"PLN_COP":837.81150100000002,"PYG_COP":0.52168199999999998,"QAR_COP":871.93563200000006,"RON_COP":753.85206900000003,"RSD_COP":30.256277999999998,"RUB_COP":50.368499,"RWF_COP":3.5272220000000001,"SAR_COP":846.39702799999998,"SBD_COP":384.11042900000001,"SCR_COP":232.385278,"SDG_COP":70.366956999999999,"SEK_COP":341.26127400000001,"SGD_COP":2333.498173,"SHP_COP":2403.2785589999999,"SKK_COP":0,"SLL_COP":0.34788999999999998,"SOS_COP":5.4544639999999998,"SRD_COP":425.64813500000002,"STD_COP":0.147235,"SVC_COP":362.77303499999999,"SYP_COP":6.1640740000000003,"SZL_COP":229.00043099999999,"THB_COP":103.08657700000001,"TJS_COP":336.62040200000001,"TMT_COP":904.41595400000006,"TND_COP":1107.3513780000001,"TOP_COP":1400.7101500000001,"TRY_COP":561.35131699999999,"TTD_COP":468.91037799999998,"TWD_COP":102.251373,"TZS_COP":1.380155,"UAH_COP":125.33596199999999,"UGX_COP":0.86002999999999996,"USD_COP":3174.5,"UYU_COP":90.363416999999998,"UZS_COP":0.36979400000000001,"VEF_COP":317.84718700000002,"VND_COP":0.13655500000000001,"VUV_COP":27.734497000000001,"WST_COP":1217.7208800000001,"XAF_COP":5.4385479999999999,"XCD_COP":1190.5422639999999,"XDR_COP":4387.7303000000002,"XOF_COP":5.408004,"XPF_COP":29.743175999999998,"YER_COP":12.685295999999999,"ZAR_COP":227.76675399999999,"ZMK_COP":0.35267500000000002,"ZMW_COP":248.47297499999999,"ZWL_COP":9.9922360000000001}