{"AED_COP":863.17091000000005,"AFN_COP":39.320388000000001,"ALL_COP":29.206021,"AMD_COP":6.6852200000000002,"ANG_COP":1788.770514,"AOA_COP":9.1488949999999996,"ARS_COP":74.863051999999996,"AUD_COP":2238.9347720000001,"AWG_COP":1760.466408,"AZN_COP":1887.0504330000001,"BAM_COP":1825.5416560000001,"BBD_COP":1577.020642,"BDT_COP":37.684451000000003,"BGN_COP":1825.6483450000001,"BHD_COP":8409.2988710000009,"BIF_COP":1.7312909999999999,"BMD_COP":3170.5999999999999,"BND_COP":2339.7528689999999,"BOB_COP":460.80969199999998,"BRL_COP":840.80377199999998,"BSD_COP":3184.0526220000002,"BTC_COP":33287282.849800002,"BTN_COP":46.071944999999999,"BWP_COP":300.24987199999998,"BYR_COP":0.16176499999999999,"BZD_COP":1579.6142150000001,"CAD_COP":2431.8710299999998,"CDF_COP":1.9019790000000001,"CHF_COP":3221.0578719999999,"CLF_COP":129876.68274600001,"CLP_COP":4.63476,"CNH_COP":0,"CNY_COP":461.09110299999998,"COP_COP":1,"CRC_COP":5.5460159999999998,"CUP_COP":119.64528300000001,"CVE_COP":32.378512000000001,"CZK_COP":139.72574,"DEM_COP":0,"DJF_COP":18.104336,"DKK_COP":478.06870099999998,"DOP_COP":62.567959000000002,"DZD_COP":26.592245999999999,"EGP_COP":190.77816899999999,"ERN_COP":211.37588700000001,"ETB_COP":109.82355800000001,"EUR_COP":3568.9863129999999,"FIM_COP":0,"FJD_COP":1494.8959609999999,"FKP_COP":4037.0391279999999,"FRF_COP":0,"GBP_COP":3968.9305319999999,"GEL_COP":1104.7254889999999,"GHS_COP":595.45144600000003,"GIP_COP":3955.8391539999998,"GMD_COP":63.558216000000002,"GNF_COP":0.34878500000000001,"GTQ_COP":415.14664800000003,"GYD_COP":15.233013,"HKD_COP":412.66691800000001,"HNL_COP":130.09724399999999,"HRK_COP":483.219945,"HTG_COP":33.832000999999998,"HUF_COP":10.95331,"IDR_COP":0.22772400000000001,"ILS_COP":896.86492099999998,"INR_COP":46.070073000000001,"IQD_COP":2.6684060000000001,"IRR_COP":0.075301999999999994,"ISK_COP":25.481102,"ITL_COP":0,"JMD_COP":23.790799,"JOD_COP":4472.0707709999997,"JPY_COP":29.443283000000001,"KES_COP":30.737732000000001,"KGS_COP":45.522227000000001,"KHR_COP":0.78040699999999996,"KMF_COP":7.2202679999999999,"KPW_COP":3.5225629999999999,"KRW_COP":2.7383449999999998,"KWD_COP":10421.028989,"KYD_COP":3820.9659579999998,"KZT_COP":8.2774680000000007,"LAK_COP":0.36455799999999999,"LBP_COP":2.1055950000000001,"LKR_COP":18.122375999999999,"LRD_COP":15.754547000000001,"LSL_COP":227.77047899999999,"LTL_COP":1073.782232,"LVL_COP":5319.1532829999996,"LYD_COP":2274.7070189999999,"MAD_COP":331.65062399999999,"MDL_COP":181.171989,"MGA_COP":0.87140300000000004,"MKD_COP":58.006383999999997,"MMK_COP":2.0989710000000001,"MNT_COP":1.1906080000000001,"MOP_COP":395.59797099999997,"MRO_COP":8.8812239999999996,"MUR_COP":89.875549000000007,"MVR_COP":205.22196400000001,"MWK_COP":4.1383270000000003,"MXN_COP":167.07611199999999,"MYR_COP":771.52907700000003,"MZN_COP":51.227111000000001,"NAD_COP":227.768339,"NGN_COP":8.8128440000000001,"NIO_COP":96.514602999999994,"NOK_COP":370.89970899999997,"NPR_COP":29.408283000000001,"NZD_COP":2148.27036,"OMR_COP":8236.179967,"PAB_COP":3184.2125080000001,"PEN_COP":968.92028000000005,"PGK_COP":937.11860100000001,"PHP_COP":62.094970000000004,"PKG_COP":0,"PKR_COP":19.930923,"PLN_COP":838.68328299999996,"PYG_COP":0.52168199999999998,"QAR_COP":870.86455599999999,"RON_COP":754.68933400000003,"RSD_COP":30.308727999999999,"RUB_COP":50.436259999999997,"RWF_COP":3.4781369999999998,"SAR_COP":845.43706099999997,"SBD_COP":383.32316200000002,"SCR_COP":232.12517500000001,"SDG_COP":70.581699,"SEK_COP":341.26127400000001,"SGD_COP":2334.498396,"SHP_COP":2400.3284680000002,"SKK_COP":0,"SLL_COP":0.34841800000000001,"SOS_COP":5.4665520000000001,"SRD_COP":425.127747,"STD_COP":0.14705399999999999,"SVC_COP":363.90964300000002,"SYP_COP":6.1565060000000003,"SZL_COP":229.00043099999999,"THB_COP":103.058666,"TJS_COP":337.664331,"TMT_COP":903.30484300000001,"TND_COP":1107.149721,"TOP_COP":1394.866033,"TRY_COP":561.49660200000005,"TTD_COP":470.05285800000001,"TWD_COP":102.17688099999999,"TZS_COP":1.3783970000000001,"UAH_COP":125.33596199999999,"UGX_COP":0.86175199999999996,"USD_COP":3170.5999999999999,"UYU_COP":90.523904999999999,"UZS_COP":0.37173,"VEF_COP":317.45691399999998,"VND_COP":0.13714999999999999,"VUV_COP":27.698191000000001,"WST_COP":1219.7357239999999,"XAF_COP":5.442901,"XCD_COP":1190.5422639999999,"XDR_COP":4388.0701040000004,"XOF_COP":5.4429030000000003,"XPF_COP":29.936781,"YER_COP":12.669739,"ZAR_COP":228.62821299999999,"ZMK_COP":0.352242,"ZMW_COP":250.215059,"ZWL_COP":9.9922360000000001}