{"AED_COP":895.256173,"AFN_COP":41.029493,"ALL_COP":30.115072,"AMD_COP":6.909267,"ANG_COP":1847.627356,"AOA_COP":9.448536,"ARS_COP":75.133111,"AUD_COP":2261.475706,"AWG_COP":1826.944444,"AZN_COP":1887.050433,"BAM_COP":1872.138487,"BBD_COP":1628.857299,"BDT_COP":38.890555,"BGN_COP":1874.697409,"BHD_COP":8723.960582,"BIF_COP":1.783113,"BMD_COP":3288.5,"BND_COP":2432.41149,"BOB_COP":475.777134,"BRL_COP":840.803772,"BSD_COP":3285.507101,"BTC_COP":31435402.892,"BTN_COP":47.665862,"BWP_COP":307.393887,"BYR_COP":0.167594,"BZD_COP":1631.645272,"CAD_COP":2493.112839,"CDF_COP":1.973889,"CHF_COP":3322.622825,"CLF_COP":129876.682746,"CLP_COP":4.708182,"CNH_COP":0,"CNY_COP":477.317475,"COP_COP":1,"CRC_COP":5.74963,"CUP_COP":124.09434,"CVE_COP":33.168075,"CZK_COP":142.961491,"DEM_COP":0,"DJF_COP":18.104336,"DKK_COP":490.499393,"DOP_COP":64.209706,"DZD_COP":27.431007,"EGP_COP":199.073931,"ERN_COP":219.238569,"ETB_COP":113.849748,"EUR_COP":3667.212112,"FIM_COP":0,"FJD_COP":1523.903641,"FKP_COP":4037.039128,"FRF_COP":0,"GBP_COP":4005.89586,"GEL_COP":1119.211758,"GHS_COP":608.350746,"GIP_COP":4001.87498,"GMD_COP":65.789736,"GNF_COP":0.357587,"GTQ_COP":427.391533,"GYD_COP":15.755809,"HKD_COP":412.666918,"HNL_COP":133.408329,"HRK_COP":496.410739,"HTG_COP":34.820671,"HUF_COP":11.178473,"IDR_COP":0.234504,"ILS_COP":941.40135,"INR_COP":47.78336,"IQD_COP":2.753206,"IRR_COP":0.078102,"ISK_COP":25.481102,"ITL_COP":0,"JMD_COP":24.173043,"JOD_COP":4632.787148,"JPY_COP":30.300932,"KES_COP":31.556498,"KGS_COP":47.094355,"KHR_COP":0.805018,"KMF_COP":7.420455,"KPW_COP":3.653608,"KRW_COP":2.738345,"KWD_COP":10791.215449,"KYD_COP":3942.190566,"KZT_COP":8.535622,"LAK_COP":0.378315,"LBP_COP":2.18215,"LKR_COP":18.636376,"LRD_COP":16.231498,"LSL_COP":231.000415,"LTL_COP":1113.711188,"LVL_COP":5319.153283,"LYD_COP":2339.803517,"MAD_COP":342.196888,"MDL_COP":184.92631,"MGA_COP":0.907172,"MKD_COP":59.602891,"MMK_COP":2.177777,"MNT_COP":1.232241,"MOP_COP":407.698854,"MRO_COP":9.211476,"MUR_COP":89.875549,"MVR_COP":212.611976,"MWK_COP":4.364323,"MXN_COP":172.415105,"MYR_COP":797.115668,"MZN_COP":53.411027,"NAD_COP":231.002794,"NGN_COP":9.068659,"NIO_COP":99.581658,"NOK_COP":376.243071,"NPR_COP":29.408283,"NZD_COP":2173.619589,"OMR_COP":8543.506249,"PAB_COP":3285.309943,"PEN_COP":997.906756,"PGK_COP":967.903393,"PHP_COP":64.567071,"PKG_COP":0,"PKR_COP":20.415361,"PLN_COP":853.296055,"PYG_COP":0.521682,"QAR_COP":903.247964,"RON_COP":774.18114,"RSD_COP":31.12429,"RUB_COP":51.847743,"RWF_COP":3.613736,"SAR_COP":876.828117,"SBD_COP":399.201568,"SCR_COP":240.49038,"SDG_COP":72.821087,"SEK_COP":341.261274,"SGD_COP":2399.962548,"SHP_COP":2486.828055,"SKK_COP":0,"SLL_COP":0.355119,"SOS_COP":5.663537,"SRD_COP":440.933447,"STD_COP":0.152522,"SVC_COP":375.462995,"SYP_COP":6.378348,"SZL_COP":229.000431,"THB_COP":106.765974,"TJS_COP":348.769993,"TMT_COP":935.854701,"TND_COP":1140.812147,"TOP_COP":1436.25111,"TRY_COP":591.318726,"TTD_COP":485.419687,"TWD_COP":105.630683,"TZS_COP":1.428943,"UAH_COP":125.335962,"UGX_COP":0.887655,"USD_COP":3288.5,"UYU_COP":96.12835,"UZS_COP":0.379165,"VEF_COP":328.896194,"VND_COP":0.141573,"VUV_COP":28.321912,"WST_COP":1248.577557,"XAF_COP":5.581927,"XCD_COP":1190.542264,"XDR_COP":4518.363117,"XOF_COP":5.581924,"XPF_COP":30.702312,"YER_COP":13.118408,"ZAR_COP":231.67343,"ZMK_COP":0.364935,"ZMW_COP":255.074629,"ZWL_COP":9.992236}