{"AED_COP":909.42447400000003,"AFN_COP":42.553640000000001,"ALL_COP":30.597669,"AMD_COP":7.019183,"ANG_COP":1871.110453,"AOA_COP":9.4934019999999997,"ARS_COP":75.413105999999999,"AUD_COP":2272.1093350000001,"AWG_COP":1855.833333,"AZN_COP":1887.0504330000001,"BAM_COP":1884.2007060000001,"BBD_COP":1654.163262,"BDT_COP":39.526910999999998,"BGN_COP":1892.207733,"BHD_COP":8862.2706830000006,"BIF_COP":1.809588,"BMD_COP":3340.5,"BND_COP":2473.3427320000001,"BOB_COP":482.999953,"BRL_COP":840.80377199999998,"BSD_COP":3339.6650840000002,"BTC_COP":34720098.061499998,"BTN_COP":48.473388999999997,"BWP_COP":309.24913099999998,"BYR_COP":0.170434,"BZD_COP":1656.910061,"CAD_COP":2528.0776219999998,"CDF_COP":2.0051030000000001,"CHF_COP":3372.3013019999999,"CLF_COP":129876.68274600001,"CLP_COP":4.727576,"CNH_COP":0,"CNY_COP":484.22179,"COP_COP":1,"CRC_COP":5.8419759999999998,"CUP_COP":126.05660399999999,"CVE_COP":33.640653999999998,"CZK_COP":143.46577400000001,"DEM_COP":0,"DJF_COP":18.104336,"DKK_COP":495.65235100000001,"DOP_COP":65.250490999999997,"DZD_COP":27.805019000000001,"EGP_COP":201.48379199999999,"ERN_COP":222.69839899999999,"ETB_COP":114.991264,"EUR_COP":3700.0526129999998,"FIM_COP":0,"FJD_COP":1544.2404449999999,"FKP_COP":4037.0391279999999,"FRF_COP":0,"GBP_COP":4048.6095099999998,"GEL_COP":1132.5466349999999,"GHS_COP":619.18136300000003,"GIP_COP":4043.1113439999999,"GMD_COP":66.830094000000003,"GNF_COP":0.36211399999999999,"GTQ_COP":434.88174900000001,"GYD_COP":16.009682999999999,"HKD_COP":412.66691800000001,"HNL_COP":135.46171699999999,"HRK_COP":501.12886099999997,"HTG_COP":35.268034999999998,"HUF_COP":11.306901999999999,"IDR_COP":0.23291700000000001,"ILS_COP":951.75324799999999,"INR_COP":48.023077999999998,"IQD_COP":2.8071429999999999,"IRR_COP":0.079337000000000005,"ISK_COP":25.481102,"ITL_COP":0,"JMD_COP":24.629546000000001,"JOD_COP":4711.3569219999999,"JPY_COP":31.080787000000001,"KES_COP":32.350318000000001,"KGS_COP":47.882998000000001,"KHR_COP":0.81874999999999998,"KMF_COP":7.5525760000000002,"KPW_COP":3.711395,"KRW_COP":2.7383449999999998,"KWD_COP":10970.542765,"KYD_COP":4007.751902,"KZT_COP":8.670318,"LAK_COP":0.383745,"LBP_COP":2.2132040000000002,"LKR_COP":18.925250999999999,"LRD_COP":16.467835000000001,"LSL_COP":235.08329699999999,"LTL_COP":1131.3218859999999,"LVL_COP":5319.1532829999996,"LYD_COP":2377.5941800000001,"MAD_COP":346.41361899999998,"MDL_COP":187.05378899999999,"MGA_COP":0.91420400000000002,"MKD_COP":60.201087999999999,"MMK_COP":2.2080850000000001,"MNT_COP":1.253012,"MOP_COP":414.38726200000002,"MRO_COP":9.3571340000000003,"MUR_COP":89.875549000000007,"MVR_COP":216.45435900000001,"MWK_COP":4.4899500000000003,"MXN_COP":173.61451099999999,"MYR_COP":805.81361800000002,"MZN_COP":54.480938999999999,"NAD_COP":235.084138,"NGN_COP":9.2791519999999998,"NIO_COP":99.657112999999995,"NOK_COP":375.40055100000001,"NPR_COP":29.408283000000001,"NZD_COP":2187.5221449999999,"OMR_COP":8676.3995630000009,"PAB_COP":3339.6650840000002,"PEN_COP":1007.7233629999999,"PGK_COP":989.19243700000004,"PHP_COP":65.139174999999994,"PKG_COP":0,"PKR_COP":20.811996000000001,"PLN_COP":859.06059000000005,"PYG_COP":0.52168199999999998,"QAR_COP":917.53078600000003,"RON_COP":781.29424900000004,"RSD_COP":31.437045000000001,"RUB_COP":51.927802999999997,"RWF_COP":3.65082,"SAR_COP":890.46664299999998,"SBD_COP":406.98842999999999,"SCR_COP":244.08210299999999,"SDG_COP":74.034222,"SEK_COP":341.26127400000001,"SGD_COP":2424.3442359999999,"SHP_COP":2528.9593060000002,"SKK_COP":0,"SLL_COP":0.36211399999999999,"SOS_COP":5.7594789999999998,"SRD_COP":447.91177399999998,"STD_COP":0.15493399999999999,"SVC_COP":381.68201099999999,"SYP_COP":6.4864059999999997,"SZL_COP":229.00043099999999,"THB_COP":108.036078,"TJS_COP":354.17041499999999,"TMT_COP":951.70940199999995,"TND_COP":1159.9421769999999,"TOP_COP":1453.749961,"TRY_COP":595.953845,"TTD_COP":493.45236999999997,"TWD_COP":106.65370299999999,"TZS_COP":1.453023,"UAH_COP":125.33596199999999,"UGX_COP":0.90266800000000003,"USD_COP":3340.5,"UYU_COP":97.275795000000002,"UZS_COP":0.38596200000000003,"VEF_COP":334.468098,"VND_COP":0.14393400000000001,"VUV_COP":28.702905999999999,"WST_COP":1262.042743,"XAF_COP":5.6176810000000001,"XCD_COP":1190.5422639999999,"XDR_COP":4584.5056240000004,"XOF_COP":5.6142880000000002,"XPF_COP":30.773783000000002,"YER_COP":13.343337,"ZAR_COP":228.452448,"ZMK_COP":0.37111699999999997,"ZMW_COP":259.39541000000003,"ZWL_COP":9.9922360000000001}