{"AED_COP":867.130893,"AFN_COP":39.688554,"ALL_COP":29.27235,"AMD_COP":6.684862,"ANG_COP":1789.074291,"AOA_COP":9.190447,"ARS_COP":74.91897,"AUD_COP":2233.051593,"AWG_COP":1769.444444,"AZN_COP":1887.050433,"BAM_COP":1826.888843,"BBD_COP":1577.162099,"BDT_COP":37.683409,"BGN_COP":1827.417217,"BHD_COP":8448.83613,"BIF_COP":1.721622,"BMD_COP":3185,"BND_COP":2358.124499,"BOB_COP":460.77613,"BRL_COP":840.803772,"BSD_COP":3184.044787,"BTC_COP":31454266.935,"BTN_COP":46.295378,"BWP_COP":301.049918,"BYR_COP":0.1625,"BZD_COP":1579.900429,"CAD_COP":2440.772004,"CDF_COP":1.912913,"CHF_COP":3226.983652,"CLF_COP":129876.682746,"CLP_COP":4.667269,"CNH_COP":0,"CNY_COP":463.360231,"COP_COP":1,"CRC_COP":5.547282,"CUP_COP":120.188679,"CVE_COP":32.492208,"CZK_COP":139.571165,"DEM_COP":0,"DJF_COP":18.104336,"DKK_COP":478.698295,"DOP_COP":62.678291,"DZD_COP":26.647149,"EGP_COP":191.792348,"ERN_COP":212.326873,"ETB_COP":109.828913,"EUR_COP":3574.722952,"FIM_COP":0,"FJD_COP":1479.159645,"FKP_COP":4037.039128,"FRF_COP":0,"GBP_COP":3958.994779,"GEL_COP":1113.545087,"GHS_COP":594.6383,"GIP_COP":3950.436155,"GMD_COP":63.846844,"GNF_COP":0.34507,"GTQ_COP":415.465454,"GYD_COP":15.253466,"HKD_COP":412.666918,"HNL_COP":128.789667,"HRK_COP":483.704768,"HTG_COP":33.84715,"HUF_COP":10.947425,"IDR_COP":0.228201,"ILS_COP":899.285292,"INR_COP":46.31885,"IQD_COP":2.676471,"IRR_COP":0.075644,"ISK_COP":25.481102,"ITL_COP":0,"JMD_COP":23.603143,"JOD_COP":4492.261592,"JPY_COP":29.466741,"KES_COP":30.907338,"KGS_COP":45.740989,"KHR_COP":0.780255,"KMF_COP":7.264228,"KPW_COP":3.538572,"KRW_COP":2.738345,"KWD_COP":10456.230234,"KYD_COP":3821.73967,"KZT_COP":8.295782,"LAK_COP":0.366851,"LBP_COP":2.109062,"LKR_COP":18.129544,"LRD_COP":15.845786,"LSL_COP":227.987737,"LTL_COP":1078.659232,"LVL_COP":5319.153283,"LYD_COP":2266.925968,"MAD_COP":333.020314,"MDL_COP":180.734797,"MGA_COP":0.880447,"MKD_COP":58.262876,"MMK_COP":2.102795,"MNT_COP":1.196124,"MOP_COP":395.656897,"MRO_COP":8.92156,"MUR_COP":89.875549,"MVR_COP":206.73341,"MWK_COP":4.170186,"MXN_COP":167.066628,"MYR_COP":773.992037,"MZN_COP":51.383405,"NAD_COP":227.98011,"NGN_COP":8.847231,"NIO_COP":94.988906,"NOK_COP":371.073776,"NPR_COP":29.408283,"NZD_COP":2144.391632,"OMR_COP":8272.619836,"PAB_COP":3184.044787,"PEN_COP":969.322307,"PGK_COP":938.141887,"PHP_COP":62.383674,"PKG_COP":0,"PKR_COP":19.953016,"PLN_COP":838.822447,"PYG_COP":0.521682,"QAR_COP":874.774416,"RON_COP":755.079317,"RSD_COP":30.362786,"RUB_COP":50.618997,"RWF_COP":3.477074,"SAR_COP":849.16355,"SBD_COP":383.469281,"SCR_COP":233.155046,"SDG_COP":70.600523,"SEK_COP":341.261274,"SGD_COP":2340.268414,"SHP_COP":2411.235234,"SKK_COP":0,"SLL_COP":0.353889,"SOS_COP":5.481928,"SRD_COP":427.057484,"STD_COP":0.147722,"SVC_COP":363.956318,"SYP_COP":6.184469,"SZL_COP":229.000431,"THB_COP":103.107825,"TJS_COP":337.753646,"TMT_COP":910,"TND_COP":1112.781315,"TOP_COP":1400.24814,"TRY_COP":559.955254,"TTD_COP":469.69126,"TWD_COP":102.530175,"TZS_COP":1.385385,"UAH_COP":125.335962,"UGX_COP":0.862676,"USD_COP":3185,"UYU_COP":90.689111,"UZS_COP":0.370134,"VEF_COP":318.898709,"VND_COP":0.13727,"VUV_COP":27.724559,"WST_COP":1218.905383,"XAF_COP":5.4464,"XCD_COP":1190.542264,"XDR_COP":4400.082821,"XOF_COP":5.384642,"XPF_COP":29.871052,"YER_COP":12.727261,"ZAR_COP":227.57721,"ZMK_COP":0.353842,"ZMW_COP":252.858299,"ZWL_COP":9.992236}