{"AED_COP":869.36449300000004,"AFN_COP":39.425024999999998,"ALL_COP":29.20917,"AMD_COP":6.7107659999999996,"ANG_COP":1786.8703049999999,"AOA_COP":9.1847709999999996,"ARS_COP":74.564481000000001,"AUD_COP":2224.723583,"AWG_COP":1772.9872290000001,"AZN_COP":1887.0504330000001,"BAM_COP":1819.0962010000001,"BBD_COP":1579.711579,"BDT_COP":37.749667000000002,"BGN_COP":1818.1091719999999,"BHD_COP":8470.9050150000003,"BIF_COP":1.7341819999999999,"BMD_COP":3193.1500000000001,"BND_COP":2339.56043,"BOB_COP":461.60130800000002,"BRL_COP":840.80377199999998,"BSD_COP":3189.6095329999998,"BTC_COP":32182749.814599998,"BTN_COP":46.33522,"BWP_COP":301.42539199999999,"BYR_COP":0.16291600000000001,"BZD_COP":1582.373509,"CAD_COP":2430.7466370000002,"CDF_COP":1.9166570000000001,"CHF_COP":3241.4341020000002,"CLF_COP":129876.68274600001,"CLP_COP":4.6130789999999999,"CNH_COP":0,"CNY_COP":464.363697,"COP_COP":1,"CRC_COP":5.5550920000000001,"CUP_COP":120.49622599999999,"CVE_COP":32.263489999999997,"CZK_COP":139.38529,"DEM_COP":0,"DJF_COP":18.104336,"DKK_COP":476.342128,"DOP_COP":62.614508999999998,"DZD_COP":26.691862,"EGP_COP":192.353804,"ERN_COP":212.87391299999999,"ETB_COP":110.539366,"EUR_COP":3555.8661240000001,"FIM_COP":0,"FJD_COP":1486.359303,"FKP_COP":4037.0391279999999,"FRF_COP":0,"GBP_COP":3985.583674,"GEL_COP":1099.1880000000001,"GHS_COP":590.11650199999997,"GIP_COP":3998.0092279999999,"GMD_COP":63.894978000000002,"GNF_COP":0.347244,"GTQ_COP":416.94734299999999,"GYD_COP":15.286643,"HKD_COP":412.66691800000001,"HNL_COP":130.300635,"HRK_COP":481.39955300000003,"HTG_COP":33.889823,"HUF_COP":10.926842000000001,"IDR_COP":0.228523,"ILS_COP":905.48561199999995,"INR_COP":46.287230000000001,"IQD_COP":2.6730990000000001,"IRR_COP":0.075838000000000003,"ISK_COP":25.481102,"ITL_COP":0,"JMD_COP":23.821479,"JOD_COP":4503.5745230000002,"JPY_COP":29.537077,"KES_COP":30.703306999999999,"KGS_COP":45.797593999999997,"KHR_COP":0.78120800000000001,"KMF_COP":7.2263640000000002,"KPW_COP":3.5476489999999998,"KRW_COP":2.7383449999999998,"KWD_COP":10490.105677,"KYD_COP":3827.5225909999999,"KZT_COP":8.2970210000000009,"LAK_COP":0.36412800000000001,"LBP_COP":2.1092240000000002,"LKR_COP":18.102816000000001,"LRD_COP":15.866588999999999,"LSL_COP":230.21609799999999,"LTL_COP":1081.4193869999999,"LVL_COP":5319.1532829999996,"LYD_COP":2278.1354799999999,"MAD_COP":332.35655000000003,"MDL_COP":181.69224299999999,"MGA_COP":0.87326899999999996,"MKD_COP":58.413007,"MMK_COP":2.109569,"MNT_COP":1.1980850000000001,"MOP_COP":396.27054700000002,"MRO_COP":8.9443889999999993,"MUR_COP":89.875549000000007,"MVR_COP":206.66963899999999,"MWK_COP":4.2088229999999998,"MXN_COP":167.42957899999999,"MYR_COP":775.31940499999996,"MZN_COP":51.635644999999997,"NAD_COP":230.22394499999999,"NGN_COP":8.8169550000000001,"NIO_COP":96.684469000000007,"NOK_COP":369.29969899999998,"NPR_COP":29.408283000000001,"NZD_COP":2138.8043029999999,"OMR_COP":8293.7883920000004,"PAB_COP":3189.7051179999999,"PEN_COP":969.11832400000003,"PGK_COP":938.55474000000004,"PHP_COP":62.499876,"PKG_COP":0,"PKR_COP":19.792684999999999,"PLN_COP":836.00163099999997,"PYG_COP":0.52168199999999998,"QAR_COP":877.00263700000005,"RON_COP":753.31515200000001,"RSD_COP":30.166747000000001,"RUB_COP":50.478278000000003,"RWF_COP":3.4828350000000001,"SAR_COP":851.42729199999997,"SBD_COP":386.36707799999999,"SCR_COP":233.75065000000001,"SDG_COP":70.702849000000001,"SEK_COP":341.26127400000001,"SGD_COP":2340.5727659999998,"SHP_COP":2417.4066290000001,"SKK_COP":0,"SLL_COP":0.35234700000000002,"SOS_COP":5.5054319999999999,"SRD_COP":428.15209399999998,"STD_COP":0.14810000000000001,"SVC_COP":364.524225,"SYP_COP":6.2002899999999999,"SZL_COP":229.00043099999999,"THB_COP":103.37242500000001,"TJS_COP":338.25029999999998,"TMT_COP":909.72934499999997,"TND_COP":1110.468676,"TOP_COP":1403.5235459999999,"TRY_COP":558.71086500000001,"TTD_COP":470.77514200000002,"TWD_COP":102.76609999999999,"TZS_COP":1.387362,"UAH_COP":125.33596199999999,"UGX_COP":0.86322299999999996,"USD_COP":3193.1500000000001,"UYU_COP":91.590061000000006,"UZS_COP":0.370784,"VEF_COP":319.71451400000001,"VND_COP":0.13736999999999999,"VUV_COP":27.657878,"WST_COP":1217.464195,"XAF_COP":5.4237039999999999,"XCD_COP":1190.5422639999999,"XDR_COP":4401.3450380000004,"XOF_COP":5.4237000000000002,"XPF_COP":29.831384,"YER_COP":12.752165,"ZAR_COP":230.01756800000001,"ZMK_COP":0.35474699999999998,"ZMW_COP":247.16721899999999,"ZWL_COP":9.9922360000000001}