{"AED_COP":891.174069,"AFN_COP":41.22689,"ALL_COP":29.976744,"AMD_COP":6.874942,"ANG_COP":1832.806379,"AOA_COP":9.415315,"ARS_COP":74.828209,"AUD_COP":2259.240347,"AWG_COP":1821.029207,"AZN_COP":1887.050433,"BAM_COP":1860.833613,"BBD_COP":1620.325223,"BDT_COP":38.734973,"BGN_COP":1865.450422,"BHD_COP":8682.95691,"BIF_COP":1.774146,"BMD_COP":3273.3,"BND_COP":2423.499295,"BOB_COP":473.379335,"BRL_COP":840.803772,"BSD_COP":3272.48188,"BTC_COP":31144146.7266,"BTN_COP":47.498261,"BWP_COP":305.921775,"BYR_COP":0.167005,"BZD_COP":1623.057105,"CAD_COP":2486.969888,"CDF_COP":1.965946,"CHF_COP":3301.278334,"CLF_COP":129876.682746,"CLP_COP":4.699675,"CNH_COP":0,"CNY_COP":474.845309,"COP_COP":1,"CRC_COP":5.704849,"CUP_COP":123.520755,"CVE_COP":33.018778,"CZK_COP":142.199893,"DEM_COP":0,"DJF_COP":18.104336,"DKK_COP":488.583576,"DOP_COP":64.169689,"DZD_COP":27.332202,"EGP_COP":197.275902,"ERN_COP":218.224479,"ETB_COP":112.677329,"EUR_COP":3647.93386,"FIM_COP":0,"FJD_COP":1522.358689,"FKP_COP":4037.039128,"FRF_COP":0,"GBP_COP":3999.136787,"GEL_COP":1115.278597,"GHS_COP":606.053163,"GIP_COP":4032.640533,"GMD_COP":65.459484,"GNF_COP":0.354829,"GTQ_COP":425.991845,"GYD_COP":15.685724,"HKD_COP":412.666918,"HNL_COP":132.788905,"HRK_COP":494.217522,"HTG_COP":34.631315,"HUF_COP":11.130637,"IDR_COP":0.232644,"ILS_COP":928.728158,"INR_COP":47.466658,"IQD_COP":2.750672,"IRR_COP":0.077741,"ISK_COP":25.481102,"ITL_COP":0,"JMD_COP":24.123344,"JOD_COP":4616.591897,"JPY_COP":30.078283,"KES_COP":31.440748,"KGS_COP":46.930513,"KHR_COP":0.801297,"KMF_COP":7.394363,"KPW_COP":3.636743,"KRW_COP":2.738345,"KWD_COP":10749.641534,"KYD_COP":3925.596791,"KZT_COP":8.496117,"LAK_COP":0.376588,"LBP_COP":2.167176,"LKR_COP":18.577388,"LRD_COP":16.17443,"LSL_COP":230.187665,"LTL_COP":1108.563774,"LVL_COP":5319.153283,"LYD_COP":2329.70788,"MAD_COP":340.951024,"MDL_COP":184.676592,"MGA_COP":0.902979,"MKD_COP":59.879278,"MMK_COP":2.17012,"MNT_COP":1.227943,"MOP_COP":406.227433,"MRO_COP":9.168899,"MUR_COP":89.875549,"MVR_COP":211.861054,"MWK_COP":4.349582,"MXN_COP":171.678119,"MYR_COP":794.3164,"MZN_COP":53.094726,"NAD_COP":230.184678,"NGN_COP":9.092499,"NIO_COP":97.653924,"NOK_COP":376.375274,"NPR_COP":29.408283,"NZD_COP":2170.558571,"OMR_COP":8502.640793,"PAB_COP":3271.827678,"PEN_COP":991.698635,"PGK_COP":969.860149,"PHP_COP":64.069914,"PKG_COP":0,"PKR_COP":20.315278,"PLN_COP":850.538066,"PYG_COP":0.521682,"QAR_COP":899.072982,"RON_COP":771.635863,"RSD_COP":30.991244,"RUB_COP":51.607603,"RWF_COP":3.587178,"SAR_COP":872.741323,"SBD_COP":397.797896,"SCR_COP":239.624829,"SDG_COP":72.520797,"SEK_COP":341.261274,"SGD_COP":2389.098027,"SHP_COP":2478.084252,"SKK_COP":0,"SLL_COP":0.35387,"SOS_COP":5.643622,"SRD_COP":438.898893,"STD_COP":0.151817,"SVC_COP":373.888458,"SYP_COP":6.355921,"SZL_COP":229.000431,"THB_COP":106.035695,"TJS_COP":346.744059,"TMT_COP":932.564103,"TND_COP":1139.886944,"TOP_COP":1432.359663,"TRY_COP":582.904504,"TTD_COP":482.97638,"TWD_COP":105.369362,"TZS_COP":1.42367,"UAH_COP":125.335962,"UGX_COP":0.88421,"USD_COP":3273.3,"UYU_COP":95.822565,"UZS_COP":0.379689,"VEF_COP":327.739735,"VND_COP":0.141039,"VUV_COP":28.190947,"WST_COP":1244.564611,"XAF_COP":5.548153,"XCD_COP":1190.542264,"XDR_COP":4502.476098,"XOF_COP":5.547969,"XPF_COP":30.406786,"YER_COP":13.072578,"ZAR_COP":231.075524,"ZMK_COP":0.363652,"ZMW_COP":253.626621,"ZWL_COP":9.992236}