{"AED_COP":872.808294,"AFN_COP":39.950249,"ALL_COP":29.568814,"AMD_COP":6.726957,"ANG_COP":1801.014868,"AOA_COP":9.267811,"ARS_COP":76.616077,"AUD_COP":2233.2899,"AWG_COP":1780.122154,"AZN_COP":1887.050433,"BAM_COP":1838.722587,"BBD_COP":1587.836165,"BDT_COP":37.942625,"BGN_COP":1845.073517,"BHD_COP":8504.091566,"BIF_COP":1.736728,"BMD_COP":3206,"BND_COP":2377.810251,"BOB_COP":463.96193,"BRL_COP":840.803772,"BSD_COP":3206.160308,"BTC_COP":38954403.614,"BTN_COP":46.88561,"BWP_COP":301.684293,"BYR_COP":0.163571,"BZD_COP":1590.512241,"CAD_COP":2452.242088,"CDF_COP":1.925526,"CHF_COP":3243.970305,"CLF_COP":129876.682746,"CLP_COP":4.673299,"CNH_COP":0,"CNY_COP":466.449317,"COP_COP":1,"CRC_COP":5.511246,"CUP_COP":120.981132,"CVE_COP":32.755565,"CZK_COP":141.08868,"DEM_COP":0,"DJF_COP":18.104336,"DKK_COP":483.587318,"DOP_COP":62.893576,"DZD_COP":26.924208,"EGP_COP":192.986055,"ERN_COP":213.734248,"ETB_COP":110.209949,"EUR_COP":3609.538599,"FIM_COP":0,"FJD_COP":1488.188587,"FKP_COP":4037.039128,"FRF_COP":0,"GBP_COP":4010.021268,"GEL_COP":1122.963386,"GHS_COP":592.611504,"GIP_COP":4034.329617,"GMD_COP":64.47462,"GNF_COP":0.347064,"GTQ_COP":417.453543,"GYD_COP":15.331273,"HKD_COP":412.666918,"HNL_COP":129.81135,"HRK_COP":488.239458,"HTG_COP":34.138525,"HUF_COP":11.080793,"IDR_COP":0.226325,"ILS_COP":902.224295,"INR_COP":46.886904,"IQD_COP":2.694118,"IRR_COP":0.076143,"ISK_COP":25.481102,"ITL_COP":0,"JMD_COP":24.328407,"JOD_COP":4521.649675,"JPY_COP":29.596386,"KES_COP":31.142839,"KGS_COP":45.902101,"KHR_COP":0.785784,"KMF_COP":7.292849,"KPW_COP":3.561933,"KRW_COP":2.738345,"KWD_COP":10535.614602,"KYD_COP":3846.986066,"KZT_COP":8.343956,"LAK_COP":0.369355,"LBP_COP":2.122125,"LKR_COP":18.20142,"LRD_COP":16.130821,"LSL_COP":226.08764,"LTL_COP":1085.771221,"LVL_COP":5319.153283,"LYD_COP":2281.816381,"MAD_COP":335.408196,"MDL_COP":179.361644,"MGA_COP":0.883196,"MKD_COP":58.326956,"MMK_COP":2.119739,"MNT_COP":1.204989,"MOP_COP":398.241209,"MRO_COP":8.980385,"MUR_COP":89.875549,"MVR_COP":207.509817,"MWK_COP":4.241274,"MXN_COP":167.462358,"MYR_COP":776.090977,"MZN_COP":51.572406,"NAD_COP":222.723479,"NGN_COP":8.90555,"NIO_COP":95.843938,"NOK_COP":373.921462,"NPR_COP":29.408283,"NZD_COP":2132.287489,"OMR_COP":8327.813494,"PAB_COP":3206.160308,"PEN_COP":975.949959,"PGK_COP":953.299775,"PHP_COP":62.446608,"PKG_COP":0,"PKR_COP":20.291151,"PLN_COP":846.45756,"PYG_COP":0.521682,"QAR_COP":880.346086,"RON_COP":762.793348,"RSD_COP":30.661852,"RUB_COP":50.768654,"RWF_COP":3.523077,"SAR_COP":854.876452,"SBD_COP":388.995049,"SCR_COP":234.716594,"SDG_COP":71.066774,"SEK_COP":341.261274,"SGD_COP":2361.696382,"SHP_COP":2427.140716,"SKK_COP":0,"SLL_COP":0.360225,"SOS_COP":5.503858,"SRD_COP":429.873819,"STD_COP":0.148696,"SVC_COP":366.39373,"SYP_COP":6.225247,"SZL_COP":229.000431,"THB_COP":104.600211,"TJS_COP":339.995013,"TMT_COP":916,"TND_COP":1107.236383,"TOP_COP":1401.77423,"TRY_COP":563.979906,"TTD_COP":473.822298,"TWD_COP":103.395892,"TZS_COP":1.395733,"UAH_COP":125.335962,"UGX_COP":0.869564,"USD_COP":3206,"UYU_COP":91.054198,"UZS_COP":0.373312,"VEF_COP":321.001307,"VND_COP":0.137967,"VUV_COP":27.873481,"WST_COP":1216.413122,"XAF_COP":5.482308,"XCD_COP":1190.542264,"XDR_COP":4433.994313,"XOF_COP":5.470989,"XPF_COP":29.98364,"YER_COP":12.829297,"ZAR_COP":229.340732,"ZMK_COP":0.356173,"ZMW_COP":255.468389,"ZWL_COP":9.992236}