{"AED_COP":884.257795,"AFN_COP":40.792464,"ALL_COP":29.695654,"AMD_COP":6.822021,"ANG_COP":1818.695763,"AOA_COP":9.34283,"ARS_COP":74.138955,"AUD_COP":2243.240514,"AWG_COP":1807.009736,"AZN_COP":1887.050433,"BAM_COP":1846.507867,"BBD_COP":1607.850902,"BDT_COP":38.436796,"BGN_COP":1848.557769,"BHD_COP":8615.535603,"BIF_COP":1.760488,"BMD_COP":3248.1,"BND_COP":2404.663744,"BOB_COP":469.734995,"BRL_COP":840.803772,"BSD_COP":3246.476762,"BTC_COP":30914421.8814,"BTN_COP":47.13259,"BWP_COP":303.450417,"BYR_COP":0.165719,"BZD_COP":1610.561561,"CAD_COP":2467.289294,"CDF_COP":1.95081,"CHF_COP":3273.650845,"CLF_COP":129876.682746,"CLP_COP":4.663525,"CNH_COP":0,"CNY_COP":471.175948,"COP_COP":1,"CRC_COP":5.660929,"CUP_COP":122.569811,"CVE_COP":32.763256,"CZK_COP":141.157283,"DEM_COP":0,"DJF_COP":18.104336,"DKK_COP":484.189421,"DOP_COP":63.607178,"DZD_COP":27.125147,"EGP_COP":196.262871,"ERN_COP":216.542766,"ETB_COP":111.811381,"EUR_COP":3615.826715,"FIM_COP":0,"FJD_COP":1512.045165,"FKP_COP":4037.039128,"FRF_COP":0,"GBP_COP":3977.833273,"GEL_COP":1108.47911,"GHS_COP":601.387004,"GIP_COP":4001.55153,"GMD_COP":64.962262,"GNF_COP":0.352098,"GTQ_COP":422.712292,"GYD_COP":15.56495,"HKD_COP":412.666918,"HNL_COP":131.713115,"HRK_COP":489.931597,"HTG_COP":34.364702,"HUF_COP":11.026618,"IDR_COP":0.231399,"ILS_COP":921.422048,"INR_COP":47.221063,"IQD_COP":2.729496,"IRR_COP":0.077143,"ISK_COP":25.481102,"ITL_COP":0,"JMD_COP":23.790382,"JOD_COP":4581.38838,"JPY_COP":29.877199,"KES_COP":31.213759,"KGS_COP":46.569211,"KHR_COP":0.795129,"KMF_COP":7.337437,"KPW_COP":3.608729,"KRW_COP":2.738345,"KWD_COP":10665.598278,"KYD_COP":3895.374984,"KZT_COP":8.430709,"LAK_COP":0.373688,"LBP_COP":2.153913,"LKR_COP":18.433062,"LRD_COP":16.04991,"LSL_COP":228.419769,"LTL_COP":1100.029134,"LVL_COP":5319.153283,"LYD_COP":2311.78528,"MAD_COP":338.215168,"MDL_COP":183.254824,"MGA_COP":0.897761,"MKD_COP":59.418286,"MMK_COP":2.153413,"MNT_COP":1.218403,"MOP_COP":403.100137,"MRO_COP":9.098311,"MUR_COP":89.875549,"MVR_COP":210.227698,"MWK_COP":4.29866,"MXN_COP":170.226025,"MYR_COP":788.08673,"MZN_COP":52.686324,"NAD_COP":228.422277,"NGN_COP":9.022506,"NIO_COP":96.9579,"NOK_COP":373.325084,"NPR_COP":29.408283,"NZD_COP":2150.350134,"OMR_COP":8436.149663,"PAB_COP":3246.639012,"PEN_COP":984.03408,"PGK_COP":962.407534,"PHP_COP":63.690113,"PKG_COP":0,"PKR_COP":20.174497,"PLN_COP":843.300917,"PYG_COP":0.521682,"QAR_COP":892.091269,"RON_COP":764.591677,"RSD_COP":30.72066,"RUB_COP":51.144706,"RWF_COP":3.559562,"SAR_COP":865.997186,"SBD_COP":394.258741,"SCR_COP":237.773179,"SDG_COP":71.962567,"SEK_COP":341.261274,"SGD_COP":2367.928312,"SHP_COP":2459.007589,"SKK_COP":0,"SLL_COP":0.356934,"SOS_COP":5.600171,"SRD_COP":435.517398,"STD_COP":0.150648,"SVC_COP":371.01002,"SYP_COP":6.306991,"SZL_COP":229.000431,"THB_COP":105.320488,"TJS_COP":344.074802,"TMT_COP":925.384615,"TND_COP":1127.654537,"TOP_COP":1421.332476,"TRY_COP":579.390357,"TTD_COP":479.258094,"TWD_COP":104.437091,"TZS_COP":1.412832,"UAH_COP":125.335962,"UGX_COP":0.877402,"USD_COP":3248.1,"UYU_COP":95.076497,"UZS_COP":0.374637,"VEF_COP":325.216693,"VND_COP":0.139874,"VUV_COP":27.974047,"WST_COP":1235.574998,"XAF_COP":5.505436,"XCD_COP":1190.542264,"XDR_COP":4466.894104,"XOF_COP":5.505254,"XPF_COP":30.172836,"YER_COP":12.971755,"ZAR_COP":228.699983,"ZMK_COP":0.360852,"ZMW_COP":251.674444,"ZWL_COP":9.992236}