{"AED_COP":874.555938,"AFN_COP":40.027322,"ALL_COP":29.62601,"AMD_COP":6.739965,"ANG_COP":1804.908607,"AOA_COP":9.285734,"ARS_COP":76.768281,"AUD_COP":2235.299087,"AWG_COP":1783.564686,"AZN_COP":1887.050433,"BAM_COP":1842.279961,"BBD_COP":1590.90684,"BDT_COP":38.016006,"BGN_COP":1848.539713,"BHD_COP":8523.928936,"BIF_COP":1.740087,"BMD_COP":3212.2,"BND_COP":2382.41098,"BOB_COP":464.859138,"BRL_COP":840.803772,"BSD_COP":3212.360618,"BTC_COP":38797799.6208,"BTN_COP":46.975299,"BWP_COP":302.26793,"BYR_COP":0.163888,"BZD_COP":1593.588801,"CAD_COP":2456.091738,"CDF_COP":1.92925,"CHF_COP":3245.515214,"CLF_COP":129876.682746,"CLP_COP":4.68459,"CNH_COP":0,"CNY_COP":467.358424,"COP_COP":1,"CRC_COP":5.521898,"CUP_COP":121.215094,"CVE_COP":32.818908,"CZK_COP":141.281303,"DEM_COP":0,"DJF_COP":18.104336,"DKK_COP":484.246799,"DOP_COP":63.015219,"DZD_COP":26.920909,"EGP_COP":193.244066,"ERN_COP":214.145593,"ETB_COP":110.423868,"EUR_COP":3614.920183,"FIM_COP":0,"FJD_COP":1488.166109,"FKP_COP":4037.039128,"FRF_COP":0,"GBP_COP":4017.05551,"GEL_COP":1125.128271,"GHS_COP":593.732579,"GIP_COP":4042.13021,"GMD_COP":64.599273,"GNF_COP":0.347735,"GTQ_COP":418.260846,"GYD_COP":15.360925,"HKD_COP":412.666918,"HNL_COP":130.043121,"HRK_COP":489.00852,"HTG_COP":34.204543,"HUF_COP":11.099477,"IDR_COP":0.227905,"ILS_COP":903.969085,"INR_COP":46.982217,"IQD_COP":2.699328,"IRR_COP":0.07629,"ISK_COP":25.481102,"ITL_COP":0,"JMD_COP":24.37548,"JOD_COP":4530.517074,"JPY_COP":29.62068,"KES_COP":31.204465,"KGS_COP":45.990866,"KHR_COP":0.787594,"KMF_COP":7.307074,"KPW_COP":3.568827,"KRW_COP":2.738345,"KWD_COP":10554.636575,"KYD_COP":3854.423622,"KZT_COP":8.36009,"LAK_COP":0.370026,"LBP_COP":2.126228,"LKR_COP":18.236631,"LRD_COP":16.162032,"LSL_COP":226.527588,"LTL_COP":1087.870807,"LVL_COP":5319.153283,"LYD_COP":2286.300172,"MAD_COP":335.958407,"MDL_COP":179.708527,"MGA_COP":0.884904,"MKD_COP":58.442955,"MMK_COP":2.123839,"MNT_COP":1.207032,"MOP_COP":399.011003,"MRO_COP":8.997761,"MUR_COP":89.875549,"MVR_COP":207.913331,"MWK_COP":4.249476,"MXN_COP":167.575354,"MYR_COP":776.737697,"MZN_COP":51.672153,"NAD_COP":223.102798,"NGN_COP":8.922783,"NIO_COP":96.028497,"NOK_COP":374.451988,"NPR_COP":29.408283,"NZD_COP":2133.225306,"OMR_COP":8344.450081,"PAB_COP":3212.360618,"PEN_COP":977.833656,"PGK_COP":955.174121,"PHP_COP":62.59097,"PKG_COP":0,"PKR_COP":20.330421,"PLN_COP":847.278442,"PYG_COP":0.521682,"QAR_COP":882.048571,"RON_COP":764.063042,"RSD_COP":30.706501,"RUB_COP":50.839546,"RWF_COP":3.52989,"SAR_COP":856.57521,"SBD_COP":389.747311,"SCR_COP":235.196747,"SDG_COP":71.204214,"SEK_COP":341.261274,"SGD_COP":2365.558757,"SHP_COP":2431.824464,"SKK_COP":0,"SLL_COP":0.360921,"SOS_COP":5.514478,"SRD_COP":430.705231,"STD_COP":0.148983,"SVC_COP":367.10229,"SYP_COP":6.237279,"SZL_COP":229.000431,"THB_COP":104.666453,"TJS_COP":340.65252,"TMT_COP":917.771429,"TND_COP":1109.375372,"TOP_COP":1404.4865,"TRY_COP":565.23364,"TTD_COP":474.738573,"TWD_COP":103.440832,"TZS_COP":1.398432,"UAH_COP":125.335962,"UGX_COP":0.871246,"USD_COP":3212.2,"UYU_COP":91.230451,"UZS_COP":0.374034,"VEF_COP":321.62204,"VND_COP":0.138233,"VUV_COP":27.927231,"WST_COP":1220.630984,"XAF_COP":5.492907,"XCD_COP":1190.542264,"XDR_COP":4442.569757,"XOF_COP":5.481571,"XPF_COP":30.041611,"YER_COP":12.854278,"ZAR_COP":229.809735,"ZMK_COP":0.356863,"ZMW_COP":255.962376,"ZWL_COP":9.992236}