{"AED_COP":876.04855499999996,"AFN_COP":40.291992999999998,"ALL_COP":29.428878999999998,"AMD_COP":6.7576679999999998,"ANG_COP":1802.492949,"AOA_COP":9.2559609999999992,"ARS_COP":74.219549999999998,"AUD_COP":2222.2375689999999,"AWG_COP":1787.7222220000001,"AZN_COP":1887.0504330000001,"BAM_COP":1831.263152,"BBD_COP":1593.493117,"BDT_COP":38.094287999999999,"BGN_COP":1831.1094840000001,"BHD_COP":8538.8279309999998,"BIF_COP":1.7465329999999999,"BMD_COP":3217.9000000000001,"BND_COP":2350.8056740000002,"BOB_COP":465.62204300000002,"BRL_COP":840.80377199999998,"BSD_COP":3217.2726320000002,"BTC_COP":31052355.287799999,"BTN_COP":46.694361999999998,"BWP_COP":301.14640200000002,"BYR_COP":0.16417899999999999,"BZD_COP":1596.1808599999999,"CAD_COP":2442.8089380000001,"CDF_COP":1.931513,"CHF_COP":3240.2446530000002,"CLF_COP":129876.68274600001,"CLP_COP":4.6240699999999997,"CNH_COP":0,"CNY_COP":466.82231999999999,"COP_COP":1,"CRC_COP":5.6072740000000003,"CUP_COP":121.430189,"CVE_COP":32.479433999999998,"CZK_COP":140.01189600000001,"DEM_COP":0,"DJF_COP":18.104336,"DKK_COP":479.46241300000003,"DOP_COP":63.112152999999999,"DZD_COP":26.894297999999999,"EGP_COP":193.96038100000001,"ERN_COP":214.521905,"ETB_COP":111.502274,"EUR_COP":3580.2778199999998,"FIM_COP":0,"FJD_COP":1501.7619400000001,"FKP_COP":4037.0391279999999,"FRF_COP":0,"GBP_COP":3978.0688049999999,"GEL_COP":1098.157952,"GHS_COP":596.08958299999995,"GIP_COP":3999.429654,"GMD_COP":64.358553000000001,"GNF_COP":0.35032200000000002,"GTQ_COP":419.478139,"GYD_COP":15.419893999999999,"HKD_COP":412.66691800000001,"HNL_COP":131.43673999999999,"HRK_COP":485.13858800000003,"HTG_COP":34.088464999999999,"HUF_COP":10.953657,"IDR_COP":0.22939100000000001,"ILS_COP":913.72194999999999,"INR_COP":46.678511,"IQD_COP":2.6965270000000001,"IRR_COP":0.076425999999999994,"ISK_COP":25.481102,"ITL_COP":0,"JMD_COP":23.815097999999999,"JOD_COP":4538.613378,"JPY_COP":29.631858999999999,"KES_COP":30.983069,"KGS_COP":46.133375999999998,"KHR_COP":0.78792799999999996,"KMF_COP":7.2729109999999997,"KPW_COP":3.5751550000000001,"KRW_COP":2.7383449999999998,"KWD_COP":10567.689345999999,"KYD_COP":3860.6629939999998,"KZT_COP":8.3554680000000001,"LAK_COP":0.36726900000000001,"LBP_COP":2.1276679999999999,"LKR_COP":18.260179000000001,"LRD_COP":15.940061,"LSL_COP":225.18645000000001,"LTL_COP":1089.80133,"LVL_COP":5319.1532829999996,"LYD_COP":2295.3028519999998,"MAD_COP":334.94147299999997,"MDL_COP":182.55001799999999,"MGA_COP":0.87849999999999995,"MKD_COP":58.236736000000001,"MMK_COP":2.1307070000000001,"MNT_COP":1.2075309999999999,"MOP_COP":399.53045700000001,"MRO_COP":9.0137169999999998,"MUR_COP":89.875549000000007,"MVR_COP":208.280956,"MWK_COP":4.2816850000000004,"MXN_COP":168.85126399999999,"MYR_COP":780.75939400000004,"MZN_COP":52.115986999999997,"NAD_COP":225.18910299999999,"NGN_COP":8.9383579999999991,"NIO_COP":97.542236000000003,"NOK_COP":369.048518,"NPR_COP":29.408283000000001,"NZD_COP":2133.3130030000002,"OMR_COP":8360.8963949999998,"PAB_COP":3217.3852179999999,"PEN_COP":975.28386899999998,"PGK_COP":946.91394200000002,"PHP_COP":63.046016999999999,"PKG_COP":0,"PKR_COP":19.95965,"PLN_COP":838.10500400000001,"PYG_COP":0.52168199999999998,"QAR_COP":883.79695500000003,"RON_COP":758.24141599999996,"RSD_COP":30.423563999999999,"RUB_COP":50.737833999999999,"RWF_COP":3.5130300000000001,"SAR_COP":858.28973800000006,"SBD_COP":390.59309100000002,"SCR_COP":235.63135700000001,"SDG_COP":71.322654999999997,"SEK_COP":341.26127400000001,"SGD_COP":2345.869416,"SHP_COP":2436.132204,"SKK_COP":0,"SLL_COP":0.35264699999999999,"SOS_COP":5.5481020000000001,"SRD_COP":431.46866899999998,"STD_COP":0.14924799999999999,"SVC_COP":367.67805199999998,"SYP_COP":6.2483490000000002,"SZL_COP":229.00043099999999,"THB_COP":104.238691,"TJS_COP":340.76022899999998,"TMT_COP":919.39999999999998,"TND_COP":1116.356168,"TOP_COP":1409.5678,"TRY_COP":567.70065199999999,"TTD_COP":474.88620700000001,"TWD_COP":103.482896,"TZS_COP":1.3989050000000001,"UAH_COP":125.33596199999999,"UGX_COP":0.87075000000000002,"USD_COP":3217.9000000000001,"UYU_COP":95.060716999999997,"UZS_COP":0.373166,"VEF_COP":322.19286799999998,"VND_COP":0.138652,"VUV_COP":27.809701,"WST_COP":1226.6693359999999,"XAF_COP":5.4599919999999997,"XCD_COP":1190.5422639999999,"XDR_COP":4429.6238990000002,"XOF_COP":5.4599900000000003,"XPF_COP":30.031680999999999,"YER_COP":12.851184,"ZAR_COP":224.952518,"ZMK_COP":0.35749700000000001,"ZMW_COP":249.32401100000001,"ZWL_COP":9.9922360000000001}