{"AED_COP":898.84430699999996,"AFN_COP":41.886311999999997,"ALL_COP":30.079298999999999,"AMD_COP":6.9440210000000002,"ANG_COP":1845.31916,"AOA_COP":9.4443660000000005,"ARS_COP":74.798883000000004,"AUD_COP":2275.4058100000002,"AWG_COP":1821.960022,"AZN_COP":1887.0504330000001,"BAM_COP":1883.611015,"BBD_COP":1626.846802,"BDT_COP":39.093938999999999,"BGN_COP":1870.8340519999999,"BHD_COP":8703.1454350000004,"BIF_COP":1.793757,"BMD_COP":3281.3499999999999,"BND_COP":2444.1099680000002,"BOB_COP":475.07254999999998,"BRL_COP":840.80377199999998,"BSD_COP":3302.6559299999999,"BTC_COP":31981339.795949999,"BTN_COP":47.907465999999999,"BWP_COP":306.76847299999997,"BYR_COP":0.16844400000000001,"BZD_COP":1629.5903519999999,"CAD_COP":2511.122867,"CDF_COP":1.97078,"CHF_COP":3311.9357260000002,"CLF_COP":129876.68274600001,"CLP_COP":4.6883309999999998,"CNH_COP":0,"CNY_COP":479.61146100000002,"COP_COP":1,"CRC_COP":5.7424460000000002,"CUP_COP":123.824528,"CVE_COP":33.350675000000003,"CZK_COP":142.58057600000001,"DEM_COP":0,"DJF_COP":18.104336,"DKK_COP":492.82592299999999,"DOP_COP":64.367992999999998,"DZD_COP":27.590703999999999,"EGP_COP":198.38397000000001,"ERN_COP":218.75330299999999,"ETB_COP":114.531899,"EUR_COP":3658.7900559999998,"FIM_COP":0,"FJD_COP":1523.7979889999999,"FKP_COP":4037.0391279999999,"FRF_COP":0,"GBP_COP":3992.6365049999999,"GEL_COP":1117.250595,"GHS_COP":608.35603200000003,"GIP_COP":4001.598782,"GMD_COP":65.693016,"GNF_COP":0.35973300000000002,"GTQ_COP":426.91722399999998,"GYD_COP":15.756009000000001,"HKD_COP":412.66691800000001,"HNL_COP":134.170886,"HRK_COP":498.25687499999998,"HTG_COP":34.77572,"HUF_COP":11.165611999999999,"IDR_COP":0.233986,"ILS_COP":944.109601,"INR_COP":47.628447999999999,"IQD_COP":2.7528100000000002,"IRR_COP":0.077933000000000002,"ISK_COP":25.481102,"ITL_COP":0,"JMD_COP":24.107191,"JOD_COP":4627.8581439999998,"JPY_COP":30.226559000000002,"KES_COP":31.399787,"KGS_COP":47.333061999999998,"KHR_COP":0.80513100000000004,"KMF_COP":7.43438,"KPW_COP":3.6456550000000001,"KRW_COP":2.7383449999999998,"KWD_COP":10838.852916,"KYD_COP":3941.6325820000002,"KZT_COP":8.5344029999999993,"LAK_COP":0.37807299999999999,"LBP_COP":2.1721439999999999,"LKR_COP":18.716574999999999,"LRD_COP":16.212486999999999,"LSL_COP":231.08504199999999,"LTL_COP":1111.289663,"LVL_COP":5319.1532829999996,"LYD_COP":2353.8379329999998,"MAD_COP":341.494348,"MDL_COP":184.896197,"MGA_COP":0.89441700000000002,"MKD_COP":59.534804999999999,"MMK_COP":2.1908479999999999,"MNT_COP":1.230853,"MOP_COP":407.643914,"MRO_COP":9.1914479999999994,"MUR_COP":89.875549000000007,"MVR_COP":213.757915,"MWK_COP":4.4257340000000003,"MXN_COP":172.097599,"MYR_COP":794.74610700000005,"MZN_COP":53.294507000000003,"NAD_COP":232.39065600000001,"NGN_COP":9.1148640000000007,"NIO_COP":99.567577,"NOK_COP":374.534177,"NPR_COP":29.408283000000001,"NZD_COP":2181.2948379999998,"OMR_COP":8522.6549610000002,"PAB_COP":3285.3087970000001,"PEN_COP":995.177775,"PGK_COP":966.69467499999996,"PHP_COP":64.899405000000002,"PKG_COP":0,"PKR_COP":20.412728999999999,"PLN_COP":851.73459100000002,"PYG_COP":0.52168199999999998,"QAR_COP":901.21822699999996,"RON_COP":777.67434300000002,"RSD_COP":31.076314,"RUB_COP":51.709834000000001,"RWF_COP":3.582201,"SAR_COP":874.82826599999999,"SBD_COP":403.81119699999999,"SCR_COP":240.21069399999999,"SDG_COP":72.810491999999996,"SEK_COP":341.26127400000001,"SGD_COP":2396.0238039999999,"SHP_COP":2499.4285580000001,"SKK_COP":0,"SLL_COP":0.35570200000000002,"SOS_COP":5.6574980000000004,"SRD_COP":439.978252,"STD_COP":0.15219099999999999,"SVC_COP":377.71571799999998,"SYP_COP":6.3715580000000003,"SZL_COP":229.00043099999999,"THB_COP":106.71197100000001,"TJS_COP":348.38115599999998,"TMT_COP":940.59829100000002,"TND_COP":1138.487715,"TOP_COP":1431.2787350000001,"TRY_COP":593.72138500000005,"TTD_COP":484.52162900000002,"TWD_COP":106.19681799999999,"TZS_COP":1.4274210000000001,"UAH_COP":125.33596199999999,"UGX_COP":0.88667200000000002,"USD_COP":3281.3499999999999,"UYU_COP":96.703680000000006,"UZS_COP":0.37916299999999997,"VEF_COP":328.54562600000003,"VND_COP":0.14138600000000001,"VUV_COP":28.194735999999999,"WST_COP":1253.2476320000001,"XAF_COP":5.5810959999999996,"XCD_COP":1190.5422639999999,"XDR_COP":4541.5777509999998,"XOF_COP":5.5810959999999996,"XPF_COP":30.701243999999999,"YER_COP":13.109540000000001,"ZAR_COP":231.332686,"ZMK_COP":0.36678500000000003,"ZMW_COP":254.624855,"ZWL_COP":9.9922360000000001}