{"AED_COP":882.34900500000003,"AFN_COP":40.566502999999997,"ALL_COP":29.576559,"AMD_COP":6.8088230000000003,"ANG_COP":1814.720525,"AOA_COP":9.3224079999999994,"ARS_COP":74.893147999999997,"AUD_COP":2237.9533980000001,"AWG_COP":1800.555556,"AZN_COP":1887.0504330000001,"BAM_COP":1842.471888,"BBD_COP":1604.3363119999999,"BDT_COP":38.352735000000003,"BGN_COP":1842.4187830000001,"BHD_COP":8597.2768369999994,"BIF_COP":1.7583070000000001,"BMD_COP":3241,"BND_COP":2399.7633139999998,"BOB_COP":468.708213,"BRL_COP":840.80377199999998,"BSD_COP":3239.38031,"BTC_COP":30642297.021000002,"BTN_COP":47.029561999999999,"BWP_COP":304.66958399999999,"BYR_COP":0.165357,"BZD_COP":1607.041205,"CAD_COP":2461.823065,"CDF_COP":1.9453780000000001,"CHF_COP":3264.5866380000002,"CLF_COP":129876.68274600001,"CLP_COP":4.6537009999999999,"CNH_COP":0,"CNY_COP":470.16653400000001,"COP_COP":1,"CRC_COP":5.6485560000000001,"CUP_COP":122.30188699999999,"CVE_COP":32.678941000000002,"CZK_COP":140.704928,"DEM_COP":0,"DJF_COP":18.104336,"DKK_COP":482.56453599999998,"DOP_COP":63.565849999999998,"DZD_COP":27.042211999999999,"EGP_COP":195.87821500000001,"ERN_COP":216.062589,"ETB_COP":112.262221,"EUR_COP":3603.031802,"FIM_COP":0,"FJD_COP":1507.9678859999999,"FKP_COP":4037.0391279999999,"FRF_COP":0,"GBP_COP":3988.0387700000001,"GEL_COP":1106.1506730000001,"GHS_COP":604.34879000000001,"GIP_COP":4012.0572160000002,"GMD_COP":64.819820000000007,"GNF_COP":0.35265600000000003,"GTQ_COP":421.78826700000002,"GYD_COP":15.530991,"HKD_COP":412.66691800000001,"HNL_COP":132.31541899999999,"HRK_COP":487.83795099999998,"HTG_COP":34.289583,"HUF_COP":11.021202000000001,"IDR_COP":0.2311,"ILS_COP":918.80717400000003,"INR_COP":47.142159999999997,"IQD_COP":2.7147459999999999,"IRR_COP":0.076974000000000001,"ISK_COP":25.481102,"ITL_COP":0,"JMD_COP":23.738344999999999,"JOD_COP":4570.9445500000002,"JPY_COP":29.830833999999999,"KES_COP":31.163554999999999,"KGS_COP":46.467416,"KHR_COP":0.79277900000000001,"KMF_COP":7.3251309999999998,"KPW_COP":3.600832,"KRW_COP":2.7383449999999998,"KWD_COP":10643.742389999999,"KYD_COP":3886.8601100000001,"KZT_COP":8.412274,"LAK_COP":0.36976399999999998,"LBP_COP":2.1423139999999998,"LKR_COP":18.394131999999999,"LRD_COP":16.054487999999999,"LSL_COP":226.80763300000001,"LTL_COP":1097.624632,"LVL_COP":5319.1532829999996,"LYD_COP":2307.747425,"MAD_COP":337.22303799999997,"MDL_COP":182.85423800000001,"MGA_COP":0.88326300000000002,"MKD_COP":58.593291999999998,"MMK_COP":2.1487059999999998,"MNT_COP":1.215714,"MOP_COP":402.21879899999999,"MRO_COP":9.0784230000000008,"MUR_COP":89.875549000000007,"MVR_COP":209.77423200000001,"MWK_COP":4.3092090000000001,"MXN_COP":169.90643600000001,"MYR_COP":786.05875500000002,"MZN_COP":52.571264999999997,"NAD_COP":226.804034,"NGN_COP":9.0025370000000002,"NIO_COP":98.191322,"NOK_COP":371.89625599999999,"NPR_COP":29.408283000000001,"NZD_COP":2146.4999109999999,"OMR_COP":8418.0724929999997,"PAB_COP":3239.5422060000001,"PEN_COP":982.25514499999997,"PGK_COP":953.36148700000001,"PHP_COP":63.539000000000001,"PKG_COP":0,"PKR_COP":20.088632,"PLN_COP":842.08039499999995,"PYG_COP":0.52168199999999998,"QAR_COP":890.14638100000002,"RON_COP":762.03212799999994,"RSD_COP":30.598531000000001,"RUB_COP":51.001617000000003,"RWF_COP":3.5363180000000001,"SAR_COP":864.08259999999996,"SBD_COP":393.39676400000002,"SCR_COP":237.270771,"SDG_COP":71.805249000000003,"SEK_COP":341.26127400000001,"SGD_COP":2363.1083269999999,"SHP_COP":2453.6237729999998,"SKK_COP":0,"SLL_COP":0.35517799999999999,"SOS_COP":5.5879349999999999,"SRD_COP":434.567162,"STD_COP":0.15031900000000001,"SVC_COP":370.19904600000001,"SYP_COP":6.2932090000000001,"SZL_COP":229.00043099999999,"THB_COP":105.023124,"TJS_COP":343.32267999999999,"TMT_COP":926,"TND_COP":1124.5286229999999,"TOP_COP":1418.2257709999999,"TRY_COP":575.77754800000002,"TTD_COP":478.21049900000003,"TWD_COP":104.213891,"TZS_COP":1.4091309999999999,"UAH_COP":125.33596199999999,"UGX_COP":0.87548499999999996,"USD_COP":3241,"UYU_COP":94.868649000000005,"UZS_COP":0.37478800000000001,"VEF_COP":324.505562,"VND_COP":0.139568,"VUV_COP":27.912742000000001,"WST_COP":1232.8822720000001,"XAF_COP":5.4934070000000004,"XCD_COP":1190.5422639999999,"XDR_COP":4458.3536679999997,"XOF_COP":5.4935029999999996,"XPF_COP":30.216370999999999,"YER_COP":12.943277999999999,"ZAR_COP":227.82533599999999,"ZMK_COP":0.36006300000000002,"ZMW_COP":251.123244,"ZWL_COP":9.9922360000000001}