{"AED_COP":896.411857,"AFN_COP":41.13044,"ALL_COP":30.150227,"AMD_COP":6.919774,"ANG_COP":1849.563312,"AOA_COP":9.41862,"ARS_COP":75.035871,"AUD_COP":2267.01506,"AWG_COP":1829.166667,"AZN_COP":1887.050433,"BAM_COP":1876.279363,"BBD_COP":1630.515525,"BDT_COP":38.984777,"BGN_COP":1873.239993,"BHD_COP":8734.464326,"BIF_COP":1.783586,"BMD_COP":3292.5,"BND_COP":2437.535233,"BOB_COP":476.355794,"BRL_COP":840.803772,"BSD_COP":3292.088489,"BTC_COP":33085828.7475,"BTN_COP":47.776871,"BWP_COP":307.767818,"BYR_COP":0.167985,"BZD_COP":1633.305933,"CAD_COP":2505.374094,"CDF_COP":1.97629,"CHF_COP":3325.153901,"CLF_COP":129876.682746,"CLP_COP":4.693641,"CNH_COP":0,"CNY_COP":478.262305,"COP_COP":1,"CRC_COP":5.754962,"CUP_COP":124.245283,"CVE_COP":33.259088,"CZK_COP":142.652297,"DEM_COP":0,"DJF_COP":18.104336,"DKK_COP":490.696516,"DOP_COP":64.300382,"DZD_COP":27.490259,"EGP_COP":198.995488,"ERN_COP":219.506011,"ETB_COP":113.338239,"EUR_COP":3664.316466,"FIM_COP":0,"FJD_COP":1524.693785,"FKP_COP":4037.039128,"FRF_COP":0,"GBP_COP":4023.560897,"GEL_COP":1104.750596,"GHS_COP":610.861859,"GIP_COP":4005.547546,"GMD_COP":65.909243,"GNF_COP":0.356911,"GTQ_COP":427.827992,"GYD_COP":15.788325,"HKD_COP":412.666918,"HNL_COP":133.313818,"HRK_COP":496.194447,"HTG_COP":34.826344,"HUF_COP":11.248351,"IDR_COP":0.234746,"ILS_COP":941.696301,"INR_COP":47.830728,"IQD_COP":2.766807,"IRR_COP":0.078197,"ISK_COP":25.481102,"ITL_COP":0,"JMD_COP":24.205926,"JOD_COP":4643.97156,"JPY_COP":30.31572,"KES_COP":31.613018,"KGS_COP":47.201863,"KHR_COP":0.806392,"KMF_COP":7.444076,"KPW_COP":3.658025,"KRW_COP":2.738345,"KWD_COP":10816.380784,"KYD_COP":3950.539255,"KZT_COP":8.563742,"LAK_COP":0.378666,"LBP_COP":2.184007,"LKR_COP":18.67451,"LRD_COP":16.23721,"LSL_COP":231.708944,"LTL_COP":1115.066012,"LVL_COP":5319.153283,"LYD_COP":2340.099542,"MAD_COP":342.435461,"MDL_COP":184.951106,"MGA_COP":0.898363,"MKD_COP":59.669416,"MMK_COP":2.182775,"MNT_COP":1.235017,"MOP_COP":408.4127,"MRO_COP":9.22268,"MUR_COP":89.875549,"MVR_COP":213.618037,"MWK_COP":4.439336,"MXN_COP":173.40535,"MYR_COP":799.034507,"MZN_COP":53.562414,"NAD_COP":231.70459,"NGN_COP":9.145838,"NIO_COP":98.138139,"NOK_COP":374.749242,"NPR_COP":29.408283,"NZD_COP":2172.170488,"OMR_COP":8552.0088,"PAB_COP":3292.006199,"PEN_COP":998.81762,"PGK_COP":975.194198,"PHP_COP":64.774297,"PKG_COP":0,"PKR_COP":20.505082,"PLN_COP":855.405811,"PYG_COP":0.521682,"QAR_COP":904.346575,"RON_COP":774.595915,"RSD_COP":31.134765,"RUB_COP":51.892237,"RWF_COP":3.588556,"SAR_COP":877.824404,"SBD_COP":402.710409,"SCR_COP":240.206142,"SDG_COP":72.97531,"SEK_COP":341.261274,"SGD_COP":2405.531847,"SHP_COP":2492.618028,"SKK_COP":0,"SLL_COP":0.35788,"SOS_COP":5.676719,"SRD_COP":441.472726,"STD_COP":0.152708,"SVC_COP":376.221141,"SYP_COP":6.393202,"SZL_COP":229.000431,"THB_COP":107.252809,"TJS_COP":348.927778,"TMT_COP":938.034188,"TND_COP":1144.142984,"TOP_COP":1436.140992,"TRY_COP":593.95224,"TTD_COP":485.974237,"TWD_COP":105.849458,"TZS_COP":1.432019,"UAH_COP":125.335962,"UGX_COP":0.889768,"USD_COP":3292.5,"UYU_COP":96.278067,"UZS_COP":0.380196,"VEF_COP":329.662054,"VND_COP":0.141866,"VUV_COP":28.290582,"WST_COP":1249.840567,"XAF_COP":5.595304,"XCD_COP":1190.542264,"XDR_COP":4529.197342,"XOF_COP":5.556938,"XPF_COP":30.6137,"YER_COP":13.151597,"ZAR_COP":232.522829,"ZMK_COP":0.365785,"ZMW_COP":255.70845,"ZWL_COP":9.992236}