{"AED_COP":864.270114,"AFN_COP":39.629736,"ALL_COP":29.123755,"AMD_COP":6.662394,"ANG_COP":1778.32754,"AOA_COP":9.160149,"ARS_COP":74.983392,"AUD_COP":2234.769859,"AWG_COP":1763.611111,"AZN_COP":1887.050433,"BAM_COP":1824.106378,"BBD_COP":1572.235154,"BDT_COP":37.566286,"BGN_COP":1820.549613,"BHD_COP":8419.642739,"BIF_COP":1.715946,"BMD_COP":3174.5,"BND_COP":2350.42956,"BOB_COP":459.363418,"BRL_COP":840.803772,"BSD_COP":3174.341283,"BTC_COP":33499533.452,"BTN_COP":46.113774,"BWP_COP":300.273149,"BYR_COP":0.161964,"BZD_COP":1574.84774,"CAD_COP":2428.193652,"CDF_COP":1.903744,"CHF_COP":3233.477257,"CLF_COP":129876.682746,"CLP_COP":4.612062,"CNH_COP":0,"CNY_COP":461.282217,"COP_COP":1,"CRC_COP":5.522753,"CUP_COP":119.792453,"CVE_COP":32.191005,"CZK_COP":139.540276,"DEM_COP":0,"DJF_COP":18.104336,"DKK_COP":477.059651,"DOP_COP":62.214551,"DZD_COP":26.594889,"EGP_COP":191.280567,"ERN_COP":211.628282,"ETB_COP":109.426305,"EUR_COP":3566.072602,"FIM_COP":0,"FJD_COP":1483.584241,"FKP_COP":4037.039128,"FRF_COP":0,"GBP_COP":3968.447436,"GEL_COP":1104.158494,"GHS_COP":593.3212,"GIP_COP":3964.185591,"GMD_COP":63.61081,"GNF_COP":0.343933,"GTQ_COP":414.141721,"GYD_COP":15.215175,"HKD_COP":412.666918,"HNL_COP":128.260613,"HRK_COP":482.688588,"HTG_COP":33.773611,"HUF_COP":10.959386,"IDR_COP":0.228053,"ILS_COP":896.877062,"INR_COP":46.063254,"IQD_COP":2.667647,"IRR_COP":0.075395,"ISK_COP":25.481102,"ITL_COP":0,"JMD_COP":23.65845,"JOD_COP":4477.183085,"JPY_COP":29.471279,"KES_COP":30.712927,"KGS_COP":45.576774,"KHR_COP":0.777682,"KMF_COP":7.233266,"KPW_COP":3.526921,"KRW_COP":2.738345,"KWD_COP":10428.574643,"KYD_COP":3808.981012,"KZT_COP":8.287422,"LAK_COP":0.365642,"LBP_COP":2.10378,"LKR_COP":18.057064,"LRD_COP":15.761869,"LSL_COP":228.21085,"LTL_COP":1075.102976,"LVL_COP":5319.153283,"LYD_COP":2250.810484,"MAD_COP":330.935489,"MDL_COP":180.981117,"MGA_COP":0.878753,"MKD_COP":58.069233,"MMK_COP":2.092474,"MNT_COP":1.19212,"MOP_COP":394.823381,"MRO_COP":8.892148,"MUR_COP":89.875549,"MVR_COP":205.464223,"MWK_COP":4.172086,"MXN_COP":166.877781,"MYR_COP":772.421272,"MZN_COP":51.313311,"NAD_COP":228.210921,"NGN_COP":8.818047,"NIO_COP":94.562537,"NOK_COP":370.307554,"NPR_COP":29.408283,"NZD_COP":2147.180586,"OMR_COP":8245.231791,"PAB_COP":3174.341283,"PEN_COP":966.508205,"PGK_COP":935.040934,"PHP_COP":61.59249,"PKG_COP":0,"PKR_COP":19.848022,"PLN_COP":837.811501,"PYG_COP":0.521682,"QAR_COP":871.935632,"RON_COP":753.852069,"RSD_COP":30.256278,"RUB_COP":50.368499,"RWF_COP":3.527222,"SAR_COP":846.397028,"SBD_COP":384.110429,"SCR_COP":232.385278,"SDG_COP":70.366957,"SEK_COP":341.261274,"SGD_COP":2333.498173,"SHP_COP":2403.278559,"SKK_COP":0,"SLL_COP":0.34789,"SOS_COP":5.454464,"SRD_COP":425.648135,"STD_COP":0.147235,"SVC_COP":362.773035,"SYP_COP":6.164074,"SZL_COP":229.000431,"THB_COP":103.086577,"TJS_COP":336.620402,"TMT_COP":904.415954,"TND_COP":1107.351378,"TOP_COP":1400.71015,"TRY_COP":561.351317,"TTD_COP":468.910378,"TWD_COP":102.251373,"TZS_COP":1.380155,"UAH_COP":125.335962,"UGX_COP":0.86003,"USD_COP":3174.5,"UYU_COP":90.363417,"UZS_COP":0.369794,"VEF_COP":317.847187,"VND_COP":0.136555,"VUV_COP":27.734497,"WST_COP":1217.72088,"XAF_COP":5.438548,"XCD_COP":1190.542264,"XDR_COP":4387.7303,"XOF_COP":5.408004,"XPF_COP":29.743176,"YER_COP":12.685296,"ZAR_COP":227.766754,"ZMK_COP":0.352675,"ZMW_COP":248.472975,"ZWL_COP":9.992236}