{"AED_COP":870.380831,"AFN_COP":39.449163,"ALL_COP":29.389567,"AMD_COP":6.705958,"ANG_COP":1795.815575,"AOA_COP":9.241794,"ARS_COP":74.849638,"AUD_COP":2242.579638,"AWG_COP":1775.124931,"AZN_COP":1887.050433,"BAM_COP":1834.246636,"BBD_COP":1583.065115,"BDT_COP":37.844616,"BGN_COP":1831.568198,"BHD_COP":8483.368935,"BIF_COP":1.738209,"BMD_COP":3197,"BND_COP":2367.358831,"BOB_COP":462.746518,"BRL_COP":840.803772,"BSD_COP":3197.319732,"BTC_COP":30871271.025,"BTN_COP":46.555022,"BWP_COP":302.059836,"BYR_COP":0.163112,"BZD_COP":1585.695541,"CAD_COP":2444.096223,"CDF_COP":1.918967,"CHF_COP":3233.228323,"CLF_COP":129876.682746,"CLP_COP":4.692534,"CNH_COP":0,"CNY_COP":464.93008,"COP_COP":1,"CRC_COP":5.549239,"CUP_COP":120.641509,"CVE_COP":32.646601,"CZK_COP":140.040957,"DEM_COP":0,"DJF_COP":18.104336,"DKK_COP":479.88772,"DOP_COP":62.964048,"DZD_COP":26.805855,"EGP_COP":192.292702,"ERN_COP":213.135387,"ETB_COP":110.787743,"EUR_COP":3582.869283,"FIM_COP":0,"FJD_COP":1497.739631,"FKP_COP":4037.039128,"FRF_COP":0,"GBP_COP":3966.746924,"GEL_COP":1123.71962,"GHS_COP":597.459945,"GIP_COP":3970.466781,"GMD_COP":64.177408,"GNF_COP":0.348701,"GTQ_COP":416.327526,"GYD_COP":15.298479,"HKD_COP":412.666918,"HNL_COP":130.620411,"HRK_COP":484.709476,"HTG_COP":33.988578,"HUF_COP":10.989162,"IDR_COP":0.229151,"ILS_COP":901.22424,"INR_COP":46.555653,"IQD_COP":2.678788,"IRR_COP":0.075929,"ISK_COP":25.481102,"ITL_COP":0,"JMD_COP":23.670936,"JOD_COP":4509.141302,"JPY_COP":29.526804,"KES_COP":30.981696,"KGS_COP":45.956158,"KHR_COP":0.783616,"KMF_COP":7.315794,"KPW_COP":3.5519,"KRW_COP":2.738345,"KWD_COP":10504.365272,"KYD_COP":3835.609864,"KZT_COP":8.337672,"LAK_COP":0.365986,"LBP_COP":2.113929,"LKR_COP":18.190644,"LRD_COP":15.905441,"LSL_COP":230.326236,"LTL_COP":1082.722976,"LVL_COP":5319.153283,"LYD_COP":2290.279644,"MAD_COP":333.959464,"MDL_COP":180.764521,"MGA_COP":0.874752,"MKD_COP":58.485097,"MMK_COP":2.115467,"MNT_COP":1.200569,"MOP_COP":396.967776,"MRO_COP":8.955173,"MUR_COP":89.875549,"MVR_COP":208.949074,"MWK_COP":4.176928,"MXN_COP":167.383952,"MYR_COP":778.294865,"MZN_COP":51.51449,"NAD_COP":230.032524,"NGN_COP":8.83613,"NIO_COP":96.977244,"NOK_COP":372.849794,"NPR_COP":29.408283,"NZD_COP":2141.98542,"OMR_COP":8307.35893,"PAB_COP":3197.319732,"PEN_COP":972.825685,"PGK_COP":940.902648,"PHP_COP":62.819921,"PKG_COP":0,"PKR_COP":20.041371,"PLN_COP":841.548318,"PYG_COP":0.521682,"QAR_COP":878.115831,"RON_COP":757.331294,"RSD_COP":30.456308,"RUB_COP":50.745212,"RWF_COP":3.496454,"SAR_COP":852.385606,"SBD_COP":387.773586,"SCR_COP":234.050742,"SDG_COP":70.854716,"SEK_COP":341.261274,"SGD_COP":2354.029153,"SHP_COP":2420.318501,"SKK_COP":0,"SLL_COP":0.357207,"SOS_COP":5.474315,"SRD_COP":428.667736,"STD_COP":0.148278,"SVC_COP":365.275344,"SYP_COP":6.207766,"SZL_COP":229.000431,"THB_COP":103.428223,"TJS_COP":338.948973,"TMT_COP":910.826211,"TND_COP":1113.00661,"TOP_COP":1406.789807,"TRY_COP":560.297276,"TTD_COP":471.579164,"TWD_COP":102.916427,"TZS_COP":1.390792,"UAH_COP":125.335962,"UGX_COP":0.866207,"USD_COP":3197,"UYU_COP":91.056994,"UZS_COP":0.372459,"VEF_COP":320.100068,"VND_COP":0.137796,"VUV_COP":27.828948,"WST_COP":1225.408383,"XAF_COP":5.468979,"XCD_COP":1190.542264,"XDR_COP":4414.831092,"XOF_COP":5.469072,"XPF_COP":30.080865,"YER_COP":12.770124,"ZAR_COP":229.321962,"ZMK_COP":0.355175,"ZMW_COP":255.392037,"ZWL_COP":9.992236}