{"AED_COP":864.84725900000001,"AFN_COP":39.326810999999999,"ALL_COP":29.150345000000002,"AMD_COP":6.6672250000000002,"ANG_COP":1779.620332,"AOA_COP":9.1667860000000001,"ARS_COP":74.878614999999996,"AUD_COP":2242.9956099999999,"AWG_COP":1763.9089389999999,"AZN_COP":1887.0504330000001,"BAM_COP":1825.431652,"BBD_COP":1573.374276,"BDT_COP":37.605279000000003,"BGN_COP":1823.912245,"BHD_COP":8425.2960440000006,"BIF_COP":1.7274609999999999,"BMD_COP":3176.8000000000002,"BND_COP":2352.401284,"BOB_COP":459.696236,"BRL_COP":840.80377199999998,"BSD_COP":3176.8476529999998,"BTC_COP":32888857.636799999,"BTN_COP":46.175217000000004,"BWP_COP":300.49278299999997,"BYR_COP":0.162082,"BZD_COP":1575.9892620000001,"CAD_COP":2430.3261189999998,"CDF_COP":1.905699,"CHF_COP":3237.2227630000002,"CLF_COP":129876.68274600001,"CLP_COP":4.6377649999999999,"CNH_COP":0,"CNY_COP":461.922102,"COP_COP":1,"CRC_COP":5.526802,"CUP_COP":119.879245,"CVE_COP":32.376187999999999,"CZK_COP":139.69479999999999,"DEM_COP":0,"DJF_COP":18.104336,"DKK_COP":477.89034400000003,"DOP_COP":62.449264999999997,"DZD_COP":26.617422000000001,"EGP_COP":191.144364,"ERN_COP":211.78764899999999,"ETB_COP":110.641696,"EUR_COP":3568.0763940000002,"FIM_COP":0,"FJD_COP":1493.7345029999999,"FKP_COP":4037.0391279999999,"FRF_COP":0,"GBP_COP":3977.9807989999999,"GEL_COP":1106.983385,"GHS_COP":590.45576700000004,"GIP_COP":3967.3796699999998,"GMD_COP":63.682461000000004,"GNF_COP":0.348053,"GTQ_COP":414.44180699999998,"GYD_COP":15.226235000000001,"HKD_COP":412.66691800000001,"HNL_COP":129.82186999999999,"HRK_COP":483.16065800000001,"HTG_COP":33.798081000000003,"HUF_COP":10.963570000000001,"IDR_COP":0.22789899999999999,"ILS_COP":897.80802800000004,"INR_COP":46.171062999999997,"IQD_COP":2.6621969999999999,"IRR_COP":0.075449000000000002,"ISK_COP":25.481102,"ITL_COP":0,"JMD_COP":23.531918999999998,"JOD_COP":4480.8486149999999,"JPY_COP":29.503612,"KES_COP":30.764976000000001,"KGS_COP":45.6098,"KHR_COP":0.778586,"KMF_COP":7.2343869999999999,"KPW_COP":3.5294819999999998,"KRW_COP":2.7383449999999998,"KWD_COP":10439.618256,"KYD_COP":3811.7407090000002,"KZT_COP":8.2934300000000007,"LAK_COP":0.36369299999999999,"LBP_COP":2.100711,"LKR_COP":18.071265,"LRD_COP":15.785353000000001,"LSL_COP":228.21928199999999,"LTL_COP":1075.882143,"LVL_COP":5319.1532829999996,"LYD_COP":2272.7141689999999,"MAD_COP":331.39475700000003,"MDL_COP":181.112326,"MGA_COP":0.86914199999999997,"MKD_COP":58.111853000000004,"MMK_COP":2.0940020000000001,"MNT_COP":1.192963,"MOP_COP":395.109667,"MRO_COP":8.8985909999999997,"MUR_COP":89.875549000000007,"MVR_COP":205.61434700000001,"MWK_COP":4.1807429999999997,"MXN_COP":167.113843,"MYR_COP":773.39522299999999,"MZN_COP":51.350540000000002,"NAD_COP":228.21811299999999,"NGN_COP":8.7815110000000001,"NIO_COP":96.293026999999995,"NOK_COP":371.07727599999998,"NPR_COP":29.408283000000001,"NZD_COP":2152.5003980000001,"OMR_COP":8250.8927989999993,"PAB_COP":3176.57764,"PEN_COP":967.46006499999999,"PGK_COP":934.93074200000001,"PHP_COP":62.251744000000002,"PKG_COP":0,"PKR_COP":19.861215999999999,"PLN_COP":838.49308099999996,"PYG_COP":0.52168199999999998,"QAR_COP":872.51951199999996,"RON_COP":754.22520199999997,"RSD_COP":30.301372000000001,"RUB_COP":50.445419000000001,"RWF_COP":3.4701490000000002,"SAR_COP":847.29352800000004,"SBD_COP":384.07272,"SCR_COP":232.25608299999999,"SDG_COP":70.417941999999996,"SEK_COP":341.26127400000001,"SGD_COP":2337.3783250000001,"SHP_COP":2405.027329,"SKK_COP":0,"SLL_COP":0.34909899999999999,"SOS_COP":5.4772360000000004,"SRD_COP":425.96096799999998,"STD_COP":0.147342,"SVC_COP":363.03590600000001,"SYP_COP":6.1685439999999998,"SZL_COP":229.00043099999999,"THB_COP":103.150561,"TJS_COP":336.86453699999998,"TMT_COP":905.07122500000003,"TND_COP":1109.0434889999999,"TOP_COP":1401.7251980000001,"TRY_COP":563.23694599999999,"TTD_COP":469.25012600000002,"TWD_COP":102.360203,"TZS_COP":1.3813329999999999,"UAH_COP":125.33596199999999,"UGX_COP":0.860653,"USD_COP":3176.8000000000002,"UYU_COP":90.430448999999996,"UZS_COP":0.37015500000000001,"VEF_COP":318.07762600000001,"VND_COP":0.13664899999999999,"VUV_COP":27.752334999999999,"WST_COP":1222.1211880000001,"XAF_COP":5.4427430000000001,"XCD_COP":1190.5422639999999,"XDR_COP":4391.7881749999997,"XOF_COP":5.4424890000000001,"XPF_COP":29.935972,"YER_COP":12.694520000000001,"ZAR_COP":228.531285,"ZMK_COP":0.35293099999999999,"ZMW_COP":248.65437900000001,"ZWL_COP":9.9922360000000001}